sourceKey,sourcePlayerId,externalId,name,displayName,position,nflTeam,yearsPro,statusCode,statusText,isRestricted,school,draftYear,overallPick,round,pickInRound,projectedNflTeam,projectedNflTeamAbbr,pickOwnerRaw,pickAcquiredFrom,isCompPick,source,sourceUrl,isFantasyPosition
mock-rookie-class-2026,2026-001-fernando-mendoza-qb,2026-001-fernando-mendoza-qb,Fernando Mendoza,Fernando Mendoza,QB,LV,0,ROOKIE,2026 rookie mock class,false,Indiana,2026,1,1,1,Las Vegas Raiders,LV,Las Vegas Raiders,,False,Draft Countdown 2026 NFL Mock Draft 7.0 (Brian),https://www.draftcountdown.com/nfl-mock-draft/2026-nfl-mock-draft-7-0-brian/,true
mock-rookie-class-2026,2026-002-arvell-reese-lb,2026-002-arvell-reese-lb,Arvell Reese,Arvell Reese,LB,NYJ,0,ROOKIE,2026 rookie mock class,false,Ohio State,2026,2,1,2,New York Jets,NYJ,New York Jets,,False,Draft Countdown 2026 NFL Mock Draft 7.0 (Brian),https://www.draftcountdown.com/nfl-mock-draft/2026-nfl-mock-draft-7-0-brian/,false
mock-rookie-class-2026,2026-003-francis-mauigoa-ot,2026-003-francis-mauigoa-ot,Francis Mauigoa,Francis Mauigoa,OT,ARI,0,ROOKIE,2026 rookie mock class,false,Miami (FL),2026,3,1,3,Arizona Cardinals,ARI,Arizona Cardinals,,False,Draft Countdown 2026 NFL Mock Draft 7.0 (Brian),https://www.draftcountdown.com/nfl-mock-draft/2026-nfl-mock-draft-7-0-brian/,false
mock-rookie-class-2026,2026-004-david-bailey-edge,2026-004-david-bailey-edge,David Bailey,David Bailey,EDGE,TEN,0,ROOKIE,2026 rookie mock class,false,Texas Tech,2026,4,1,4,Tennessee Titans,TEN,Tennessee Titans,,False,Draft Countdown 2026 NFL Mock Draft 7.0 (Brian),https://www.draftcountdown.com/nfl-mock-draft/2026-nfl-mock-draft-7-0-brian/,false
mock-rookie-class-2026,2026-005-sonny-styles-lb,2026-005-sonny-styles-lb,Sonny Styles,Sonny Styles,LB,NYG,0,ROOKIE,2026 rookie mock class,false,Ohio State,2026,5,1,5,New York Giants,NYG,New York Giants,,False,Draft Countdown 2026 NFL Mock Draft 7.0 (Brian),https://www.draftcountdown.com/nfl-mock-draft/2026-nfl-mock-draft-7-0-brian/,false
mock-rookie-class-2026,2026-006-makai-lemon-wr,2026-006-makai-lemon-wr,Makai Lemon,Makai Lemon,WR,CLE,0,ROOKIE,2026 rookie mock class,false,Southern Cal,2026,6,1,6,Cleveland Browns,CLE,Cleveland Browns,,False,Draft Countdown 2026 NFL Mock Draft 7.0 (Brian),https://www.draftcountdown.com/nfl-mock-draft/2026-nfl-mock-draft-7-0-brian/,true
mock-rookie-class-2026,2026-007-caleb-downs-s,2026-007-caleb-downs-s,Caleb Downs,Caleb Downs,S,WSH,0,ROOKIE,2026 rookie mock class,false,Ohio State,2026,7,1,7,Washington Commanders,WSH,Washington Commanders,,False,Draft Countdown 2026 NFL Mock Draft 7.0 (Brian),https://www.draftcountdown.com/nfl-mock-draft/2026-nfl-mock-draft-7-0-brian/,false
mock-rookie-class-2026,2026-008-carnell-tate-wr,2026-008-carnell-tate-wr,Carnell Tate,Carnell Tate,WR,NO,0,ROOKIE,2026 rookie mock class,false,Ohio State,2026,8,1,8,New Orleans Saints,NO,New Orleans Saints,,False,Draft Countdown 2026 NFL Mock Draft 7.0 (Brian),https://www.draftcountdown.com/nfl-mock-draft/2026-nfl-mock-draft-7-0-brian/,true
mock-rookie-class-2026,2026-009-mansoor-delane-cb,2026-009-mansoor-delane-cb,Mansoor Delane,Mansoor Delane,CB,KC,0,ROOKIE,2026 rookie mock class,false,LSU,2026,9,1,9,Kansas City Chiefs,KC,Kansas City Chiefs,,False,Draft Countdown 2026 NFL Mock Draft 7.0 (Brian),https://www.draftcountdown.com/nfl-mock-draft/2026-nfl-mock-draft-7-0-brian/,false
mock-rookie-class-2026,2026-010-rueben-bain-edge,2026-010-rueben-bain-edge,Rueben Bain,Rueben Bain,EDGE,CIN,0,ROOKIE,2026 rookie mock class,false,Miami (FL),2026,10,1,10,Cincinnati Bengals,CIN,Cincinnati Bengals,,False,Draft Countdown 2026 NFL Mock Draft 7.0 (Brian),https://www.draftcountdown.com/nfl-mock-draft/2026-nfl-mock-draft-7-0-brian/,false
mock-rookie-class-2026,2026-011-jermod-mccoy-cb,2026-011-jermod-mccoy-cb,Jermod McCoy,Jermod McCoy,CB,MIA,0,ROOKIE,2026 rookie mock class,false,Tennessee,2026,11,1,11,Miami Dolphins,MIA,Miami Dolphins,,False,Draft Countdown 2026 NFL Mock Draft 7.0 (Brian),https://www.draftcountdown.com/nfl-mock-draft/2026-nfl-mock-draft-7-0-brian/,false
mock-rookie-class-2026,2026-012-dillon-thieneman-s,2026-012-dillon-thieneman-s,Dillon Thieneman,Dillon Thieneman,S,DAL,0,ROOKIE,2026 rookie mock class,false,Oregon,2026,12,1,12,Dallas Cowboys,DAL,Dallas Cowboys,,False,Draft Countdown 2026 NFL Mock Draft 7.0 (Brian),https://www.draftcountdown.com/nfl-mock-draft/2026-nfl-mock-draft-7-0-brian/,false
mock-rookie-class-2026,2026-013-jeremiyah-love-rb,2026-013-jeremiyah-love-rb,Jeremiyah Love,Jeremiyah Love,RB,LAR,0,ROOKIE,2026 rookie mock class,false,Notre Dame,2026,13,1,13,Los Angeles Rams,LAR,Los Angeles Rams (F. ATL),Atlanta Falcons,False,Draft Countdown 2026 NFL Mock Draft 7.0 (Brian),https://www.draftcountdown.com/nfl-mock-draft/2026-nfl-mock-draft-7-0-brian/,true
mock-rookie-class-2026,2026-014-olaivavega-ioane-iol,2026-014-olaivavega-ioane-iol,Olaivavega Ioane,Olaivavega Ioane,IOL,BAL,0,ROOKIE,2026 rookie mock class,false,Penn State,2026,14,1,14,Baltimore Ravens,BAL,Baltimore Ravens,,False,Draft Countdown 2026 NFL Mock Draft 7.0 (Brian),https://www.draftcountdown.com/nfl-mock-draft/2026-nfl-mock-draft-7-0-brian/,false
mock-rookie-class-2026,2026-015-akheem-mesidor-edge,2026-015-akheem-mesidor-edge,Akheem Mesidor,Akheem Mesidor,EDGE,TB,0,ROOKIE,2026 rookie mock class,false,Miami (FL),2026,15,1,15,Tampa Bay Buccaneers,TB,Tampa Bay Buccaneers,,False,Draft Countdown 2026 NFL Mock Draft 7.0 (Brian),https://www.draftcountdown.com/nfl-mock-draft/2026-nfl-mock-draft-7-0-brian/,false
mock-rookie-class-2026,2026-016-jordyn-tyson-wr,2026-016-jordyn-tyson-wr,Jordyn Tyson,Jordyn Tyson,WR,NYJ,0,ROOKIE,2026 rookie mock class,false,Arizona State,2026,16,1,16,New York Jets,NYJ,New York Jets (F. IND),Indianapolis Colts,False,Draft Countdown 2026 NFL Mock Draft 7.0 (Brian),https://www.draftcountdown.com/nfl-mock-draft/2026-nfl-mock-draft-7-0-brian/,true
mock-rookie-class-2026,2026-017-spencer-fano-ot,2026-017-spencer-fano-ot,Spencer Fano,Spencer Fano,OT,DET,0,ROOKIE,2026 rookie mock class,false,Utah,2026,17,1,17,Detroit Lions,DET,Detroit Lions,,False,Draft Countdown 2026 NFL Mock Draft 7.0 (Brian),https://www.draftcountdown.com/nfl-mock-draft/2026-nfl-mock-draft-7-0-brian/,false
mock-rookie-class-2026,2026-018-emmanuel-mcneill-warren-s,2026-018-emmanuel-mcneill-warren-s,Emmanuel McNeill-Warren,Emmanuel McNeill-Warren,S,MIN,0,ROOKIE,2026 rookie mock class,false,Toledo,2026,18,1,18,Minnesota Vikings,MIN,Minnesota Vikings,,False,Draft Countdown 2026 NFL Mock Draft 7.0 (Brian),https://www.draftcountdown.com/nfl-mock-draft/2026-nfl-mock-draft-7-0-brian/,false
mock-rookie-class-2026,2026-019-kenyon-sadiq-te,2026-019-kenyon-sadiq-te,Kenyon Sadiq,Kenyon Sadiq,TE,CAR,0,ROOKIE,2026 rookie mock class,false,Oregon,2026,19,1,19,Carolina Panthers,CAR,Carolina Panthers,,False,Draft Countdown 2026 NFL Mock Draft 7.0 (Brian),https://www.draftcountdown.com/nfl-mock-draft/2026-nfl-mock-draft-7-0-brian/,true
mock-rookie-class-2026,2026-020-avieon-terrell-cb,2026-020-avieon-terrell-cb,Avieon Terrell,Avieon Terrell,CB,DAL,0,ROOKIE,2026 rookie mock class,false,Clemson,2026,20,1,20,Dallas Cowboys,DAL,Dallas Cowboys (F. GB),Green Bay Packers,False,Draft Countdown 2026 NFL Mock Draft 7.0 (Brian),https://www.draftcountdown.com/nfl-mock-draft/2026-nfl-mock-draft-7-0-brian/,false
mock-rookie-class-2026,2026-021-cashius-howell-edge,2026-021-cashius-howell-edge,Cashius Howell,Cashius Howell,EDGE,PIT,0,ROOKIE,2026 rookie mock class,false,Texas A&M,2026,21,1,21,Pittsburgh Steelers,PIT,Pittsburgh Steelers,,False,Draft Countdown 2026 NFL Mock Draft 7.0 (Brian),https://www.draftcountdown.com/nfl-mock-draft/2026-nfl-mock-draft-7-0-brian/,false
mock-rookie-class-2026,2026-022-peter-woods-dl,2026-022-peter-woods-dl,Peter Woods,Peter Woods,DL,LAC,0,ROOKIE,2026 rookie mock class,false,Clemson,2026,22,1,22,Los Angeles Chargers,LAC,Los Angeles Chargers,,False,Draft Countdown 2026 NFL Mock Draft 7.0 (Brian),https://www.draftcountdown.com/nfl-mock-draft/2026-nfl-mock-draft-7-0-brian/,false
mock-rookie-class-2026,2026-023-denzel-boston-wr,2026-023-denzel-boston-wr,Denzel Boston,Denzel Boston,WR,PHI,0,ROOKIE,2026 rookie mock class,false,Washington,2026,23,1,23,Philadelphia Eagles,PHI,Philadelphia Eagles,,False,Draft Countdown 2026 NFL Mock Draft 7.0 (Brian),https://www.draftcountdown.com/nfl-mock-draft/2026-nfl-mock-draft-7-0-brian/,true
mock-rookie-class-2026,2026-024-monroe-freeling-ot,2026-024-monroe-freeling-ot,Monroe Freeling,Monroe Freeling,OT,CLE,0,ROOKIE,2026 rookie mock class,false,Georgia,2026,24,1,24,Cleveland Browns,CLE,Cleveland Browns (F. JAX),Jacksonville Jaguars,False,Draft Countdown 2026 NFL Mock Draft 7.0 (Brian),https://www.draftcountdown.com/nfl-mock-draft/2026-nfl-mock-draft-7-0-brian/,false
mock-rookie-class-2026,2026-025-kayden-mcdonald-dl,2026-025-kayden-mcdonald-dl,Kayden McDonald,Kayden McDonald,DL,CHI,0,ROOKIE,2026 rookie mock class,false,Ohio State,2026,25,1,25,Chicago Bears,CHI,Chicago Bears,,False,Draft Countdown 2026 NFL Mock Draft 7.0 (Brian),https://www.draftcountdown.com/nfl-mock-draft/2026-nfl-mock-draft-7-0-brian/,false
mock-rookie-class-2026,2026-026-omar-cooper-jr-wr,2026-026-omar-cooper-jr-wr,Omar Cooper Jr,Omar Cooper Jr,WR,BUF,0,ROOKIE,2026 rookie mock class,false,Indiana,2026,26,1,26,Buffalo Bills,BUF,Buffalo Bills,,False,Draft Countdown 2026 NFL Mock Draft 7.0 (Brian),https://www.draftcountdown.com/nfl-mock-draft/2026-nfl-mock-draft-7-0-brian/,true
mock-rookie-class-2026,2026-027-caleb-lomu-ot,2026-027-caleb-lomu-ot,Caleb Lomu,Caleb Lomu,OT,SF,0,ROOKIE,2026 rookie mock class,false,Utah,2026,27,1,27,San Francisco 49ers,SF,San Francisco 49ers,,False,Draft Countdown 2026 NFL Mock Draft 7.0 (Brian),https://www.draftcountdown.com/nfl-mock-draft/2026-nfl-mock-draft-7-0-brian/,false
mock-rookie-class-2026,2026-028-kadyn-proctor-ot,2026-028-kadyn-proctor-ot,Kadyn Proctor,Kadyn Proctor,OT,HOU,0,ROOKIE,2026 rookie mock class,false,Alabama,2026,28,1,28,Houston Texans,HOU,Houston Texans,,False,Draft Countdown 2026 NFL Mock Draft 7.0 (Brian),https://www.draftcountdown.com/nfl-mock-draft/2026-nfl-mock-draft-7-0-brian/,false
mock-rookie-class-2026,2026-029-keldric-faulk-edge,2026-029-keldric-faulk-edge,Keldric Faulk,Keldric Faulk,EDGE,KC,0,ROOKIE,2026 rookie mock class,false,Auburn,2026,29,1,29,Kansas City Chiefs,KC,Kansas City Chiefs (F. LAR),Los Angeles Rams,False,Draft Countdown 2026 NFL Mock Draft 7.0 (Brian),https://www.draftcountdown.com/nfl-mock-draft/2026-nfl-mock-draft-7-0-brian/,false
mock-rookie-class-2026,2026-030-max-iheanachor-ot,2026-030-max-iheanachor-ot,Max Iheanachor,Max Iheanachor,OT,MIA,0,ROOKIE,2026 rookie mock class,false,Arizona State,2026,30,1,30,Miami Dolphins,MIA,Miami Dolphins (F. DEN),Denver Broncos,False,Draft Countdown 2026 NFL Mock Draft 7.0 (Brian),https://www.draftcountdown.com/nfl-mock-draft/2026-nfl-mock-draft-7-0-brian/,false
mock-rookie-class-2026,2026-031-t-j-parker-edge,2026-031-t-j-parker-edge,T.J. Parker,T.J. Parker,EDGE,NE,0,ROOKIE,2026 rookie mock class,false,Clemson,2026,31,1,31,New England Patriots,NE,New England Patriots,,False,Draft Countdown 2026 NFL Mock Draft 7.0 (Brian),https://www.draftcountdown.com/nfl-mock-draft/2026-nfl-mock-draft-7-0-brian/,false
mock-rookie-class-2026,2026-032-brandon-cisse-cb,2026-032-brandon-cisse-cb,Brandon Cisse,Brandon Cisse,CB,SEA,0,ROOKIE,2026 rookie mock class,false,South Carolina,2026,32,1,32,Seattle Seahawks,SEA,Seattle Seahawks,,False,Draft Countdown 2026 NFL Mock Draft 7.0 (Brian),https://www.draftcountdown.com/nfl-mock-draft/2026-nfl-mock-draft-7-0-brian/,false
mock-rookie-class-2026,2026-033-zion-young-edge,2026-033-zion-young-edge,Zion Young,Zion Young,EDGE,NYJ,0,ROOKIE,2026 rookie mock class,false,Missouri,2026,33,2,1,New York Jets,NYJ,New York Jets,,False,Draft Countdown 2026 NFL Mock Draft 7.0 (Brian),https://www.draftcountdown.com/nfl-mock-draft/2026-nfl-mock-draft-7-0-rounds-2-3-brian/,false
mock-rookie-class-2026,2026-034-ty-simpson-qb,2026-034-ty-simpson-qb,Ty Simpson,Ty Simpson,QB,ARI,0,ROOKIE,2026 rookie mock class,false,Alabama,2026,34,2,2,Arizona Cardinals,ARI,Arizona Cardinals,,False,Draft Countdown 2026 NFL Mock Draft 7.0 (Brian),https://www.draftcountdown.com/nfl-mock-draft/2026-nfl-mock-draft-7-0-rounds-2-3-brian/,true
mock-rookie-class-2026,2026-035-gennings-dunker-ot,2026-035-gennings-dunker-ot,Gennings Dunker,Gennings Dunker,OT,TEN,0,ROOKIE,2026 rookie mock class,false,Iowa,2026,35,2,3,Tennessee Titans,TEN,Tennessee Titans,,False,Draft Countdown 2026 NFL Mock Draft 7.0 (Brian),https://www.draftcountdown.com/nfl-mock-draft/2026-nfl-mock-draft-7-0-rounds-2-3-brian/,false
mock-rookie-class-2026,2026-036-blake-miller-ot,2026-036-blake-miller-ot,Blake Miller,Blake Miller,OT,LV,0,ROOKIE,2026 rookie mock class,false,Clemson,2026,36,2,4,Las Vegas Raiders,LV,Las Vegas Raiders,,False,Draft Countdown 2026 NFL Mock Draft 7.0 (Brian),https://www.draftcountdown.com/nfl-mock-draft/2026-nfl-mock-draft-7-0-rounds-2-3-brian/,false
mock-rookie-class-2026,2026-037-k-c-conception-wr,2026-037-k-c-conception-wr,K.C. Conception,K.C. Conception,WR,NYG,0,ROOKIE,2026 rookie mock class,false,Texas A&M,2026,37,2,5,New York Giants,NYG,New York Giants,,False,Draft Countdown 2026 NFL Mock Draft 7.0 (Brian),https://www.draftcountdown.com/nfl-mock-draft/2026-nfl-mock-draft-7-0-rounds-2-3-brian/,true
mock-rookie-class-2026,2026-038-caleb-banks-dl,2026-038-caleb-banks-dl,Caleb Banks,Caleb Banks,DL,HOU,0,ROOKIE,2026 rookie mock class,false,Florida,2026,38,2,6,Houston Texans,HOU,Houston Texans (F. WSH),Washington Commanders,False,Draft Countdown 2026 NFL Mock Draft 7.0 (Brian),https://www.draftcountdown.com/nfl-mock-draft/2026-nfl-mock-draft-7-0-rounds-2-3-brian/,false
mock-rookie-class-2026,2026-039-colton-hood-cb,2026-039-colton-hood-cb,Colton Hood,Colton Hood,CB,CLE,0,ROOKIE,2026 rookie mock class,false,Tennessee,2026,39,2,7,Cleveland Browns,CLE,Cleveland Browns,,False,Draft Countdown 2026 NFL Mock Draft 7.0 (Brian),https://www.draftcountdown.com/nfl-mock-draft/2026-nfl-mock-draft-7-0-rounds-2-3-brian/,false
mock-rookie-class-2026,2026-040-chris-johnson-cb,2026-040-chris-johnson-cb,Chris Johnson,Chris Johnson,CB,KC,0,ROOKIE,2026 rookie mock class,false,San Diego State,2026,40,2,8,Kansas City Chiefs,KC,Kansas City Chiefs,,False,Draft Countdown 2026 NFL Mock Draft 7.0 (Brian),https://www.draftcountdown.com/nfl-mock-draft/2026-nfl-mock-draft-7-0-rounds-2-3-brian/,false
mock-rookie-class-2026,2026-041-dangelo-ponds-cb,2026-041-dangelo-ponds-cb,D'Angelo Ponds,D'Angelo Ponds,CB,CIN,0,ROOKIE,2026 rookie mock class,false,Indiana,2026,41,2,9,Cincinnati Bengals,CIN,Cincinnati Bengals,,False,Draft Countdown 2026 NFL Mock Draft 7.0 (Brian),https://www.draftcountdown.com/nfl-mock-draft/2026-nfl-mock-draft-7-0-rounds-2-3-brian/,false
mock-rookie-class-2026,2026-042-lee-hunter-dl,2026-042-lee-hunter-dl,Lee Hunter,Lee Hunter,DL,NO,0,ROOKIE,2026 rookie mock class,false,Texas Tech,2026,42,2,10,New Orleans Saints,NO,New Orleans Saints,,False,Draft Countdown 2026 NFL Mock Draft 7.0 (Brian),https://www.draftcountdown.com/nfl-mock-draft/2026-nfl-mock-draft-7-0-rounds-2-3-brian/,false
mock-rookie-class-2026,2026-043-chris-brazzell-iii-wr,2026-043-chris-brazzell-iii-wr,Chris Brazzell III,Chris Brazzell III,WR,MIA,0,ROOKIE,2026 rookie mock class,false,Tennessee,2026,43,2,11,Miami Dolphins,MIA,Miami Dolphins,,False,Draft Countdown 2026 NFL Mock Draft 7.0 (Brian),https://www.draftcountdown.com/nfl-mock-draft/2026-nfl-mock-draft-7-0-rounds-2-3-brian/,true
mock-rookie-class-2026,2026-044-zachariah-branch-wr,2026-044-zachariah-branch-wr,Zachariah Branch,Zachariah Branch,WR,NYJ,0,ROOKIE,2026 rookie mock class,false,Georgia,2026,44,2,12,New York Jets,NYJ,New York Jets (F. DAL),Dallas Cowboys,False,Draft Countdown 2026 NFL Mock Draft 7.0 (Brian),https://www.draftcountdown.com/nfl-mock-draft/2026-nfl-mock-draft-7-0-rounds-2-3-brian/,true
mock-rookie-class-2026,2026-045-r-mason-thomas-edge,2026-045-r-mason-thomas-edge,R Mason Thomas,R Mason Thomas,EDGE,BAL,0,ROOKIE,2026 rookie mock class,false,Oklahoma,2026,45,2,13,Baltimore Ravens,BAL,Baltimore Ravens,,False,Draft Countdown 2026 NFL Mock Draft 7.0 (Brian),https://www.draftcountdown.com/nfl-mock-draft/2026-nfl-mock-draft-7-0-rounds-2-3-brian/,false
mock-rookie-class-2026,2026-046-c-j-allen-lb,2026-046-c-j-allen-lb,C.J. Allen,C.J. Allen,LB,TB,0,ROOKIE,2026 rookie mock class,false,Georgia,2026,46,2,14,Tampa Bay Buccaneers,TB,Tampa Bay Buccaneers,,False,Draft Countdown 2026 NFL Mock Draft 7.0 (Brian),https://www.draftcountdown.com/nfl-mock-draft/2026-nfl-mock-draft-7-0-rounds-2-3-brian/,false
mock-rookie-class-2026,2026-047-jacob-rodriguez-lb,2026-047-jacob-rodriguez-lb,Jacob Rodriguez,Jacob Rodriguez,LB,IND,0,ROOKIE,2026 rookie mock class,false,Texas Tech,2026,47,2,15,Indianapolis Colts,IND,Indianapolis Colts,,False,Draft Countdown 2026 NFL Mock Draft 7.0 (Brian),https://www.draftcountdown.com/nfl-mock-draft/2026-nfl-mock-draft-7-0-rounds-2-3-brian/,false
mock-rookie-class-2026,2026-048-emmanuel-pregnon-iol,2026-048-emmanuel-pregnon-iol,Emmanuel Pregnon,Emmanuel Pregnon,IOL,ATL,0,ROOKIE,2026 rookie mock class,false,Oregon,2026,48,2,16,Atlanta Falcons,ATL,Atlanta Falcons,,False,Draft Countdown 2026 NFL Mock Draft 7.0 (Brian),https://www.draftcountdown.com/nfl-mock-draft/2026-nfl-mock-draft-7-0-rounds-2-3-brian/,false
mock-rookie-class-2026,2026-049-gabe-jacas-edge,2026-049-gabe-jacas-edge,Gabe Jacas,Gabe Jacas,EDGE,MIN,0,ROOKIE,2026 rookie mock class,false,Illinois,2026,49,2,17,Minnesota Vikings,MIN,Minnesota Vikings,,False,Draft Countdown 2026 NFL Mock Draft 7.0 (Brian),https://www.draftcountdown.com/nfl-mock-draft/2026-nfl-mock-draft-7-0-rounds-2-3-brian/,false
mock-rookie-class-2026,2026-050-gracen-halton-dl,2026-050-gracen-halton-dl,Gracen Halton,Gracen Halton,DL,DET,0,ROOKIE,2026 rookie mock class,false,Oklahoma,2026,50,2,18,Detroit Lions,DET,Detroit Lions,,False,Draft Countdown 2026 NFL Mock Draft 7.0 (Brian),https://www.draftcountdown.com/nfl-mock-draft/2026-nfl-mock-draft-7-0-rounds-2-3-brian/,false
mock-rookie-class-2026,2026-051-christen-miller-dl,2026-051-christen-miller-dl,Christen Miller,Christen Miller,DL,CAR,0,ROOKIE,2026 rookie mock class,false,Georgia,2026,51,2,19,Carolina Panthers,CAR,Carolina Panthers,,False,Draft Countdown 2026 NFL Mock Draft 7.0 (Brian),https://www.draftcountdown.com/nfl-mock-draft/2026-nfl-mock-draft-7-0-rounds-2-3-brian/,false
mock-rookie-class-2026,2026-052-chase-bisontis-iol,2026-052-chase-bisontis-iol,Chase Bisontis,Chase Bisontis,IOL,GB,0,ROOKIE,2026 rookie mock class,false,Texas A&M,2026,52,2,20,Green Bay Packers,GB,Green Bay Packers,,False,Draft Countdown 2026 NFL Mock Draft 7.0 (Brian),https://www.draftcountdown.com/nfl-mock-draft/2026-nfl-mock-draft-7-0-rounds-2-3-brian/,false
mock-rookie-class-2026,2026-053-keionte-scott-cb,2026-053-keionte-scott-cb,Keionte Scott,Keionte Scott,CB,PIT,0,ROOKIE,2026 rookie mock class,false,Miami (FL),2026,53,2,21,Pittsburgh Steelers,PIT,Pittsburgh Steelers,,False,Draft Countdown 2026 NFL Mock Draft 7.0 (Brian),https://www.draftcountdown.com/nfl-mock-draft/2026-nfl-mock-draft-7-0-rounds-2-3-brian/,false
mock-rookie-class-2026,2026-054-jalon-kilgore-cb,2026-054-jalon-kilgore-cb,Jalon Kilgore,Jalon Kilgore,CB,PHI,0,ROOKIE,2026 rookie mock class,false,South Carolina,2026,54,2,22,Philadelphia Eagles,PHI,Philadelphia Eagles,,False,Draft Countdown 2026 NFL Mock Draft 7.0 (Brian),https://www.draftcountdown.com/nfl-mock-draft/2026-nfl-mock-draft-7-0-rounds-2-3-brian/,false
mock-rookie-class-2026,2026-055-keylan-rutledge-iol,2026-055-keylan-rutledge-iol,Keylan Rutledge,Keylan Rutledge,IOL,LAC,0,ROOKIE,2026 rookie mock class,false,Georgia Tech,2026,55,2,23,Los Angeles Chargers,LAC,Los Angeles Chargers,,False,Draft Countdown 2026 NFL Mock Draft 7.0 (Brian),https://www.draftcountdown.com/nfl-mock-draft/2026-nfl-mock-draft-7-0-rounds-2-3-brian/,false
mock-rookie-class-2026,2026-056-anthony-hill-jr-lb,2026-056-anthony-hill-jr-lb,Anthony Hill Jr.,Anthony Hill Jr.,LB,JAX,0,ROOKIE,2026 rookie mock class,false,Texas,2026,56,2,24,Jacksonville Jaguars,JAX,Jacksonville Jaguars,,False,Draft Countdown 2026 NFL Mock Draft 7.0 (Brian),https://www.draftcountdown.com/nfl-mock-draft/2026-nfl-mock-draft-7-0-rounds-2-3-brian/,false
mock-rookie-class-2026,2026-057-romello-height-edge,2026-057-romello-height-edge,Romello Height,Romello Height,EDGE,CHI,0,ROOKIE,2026 rookie mock class,false,Texas Tech,2026,57,2,25,Chicago Bears,CHI,Chicago Bears,,False,Draft Countdown 2026 NFL Mock Draft 7.0 (Brian),https://www.draftcountdown.com/nfl-mock-draft/2026-nfl-mock-draft-7-0-rounds-2-3-brian/,false
mock-rookie-class-2026,2026-058-eli-stowers-te,2026-058-eli-stowers-te,Eli Stowers,Eli Stowers,TE,SF,0,ROOKIE,2026 rookie mock class,false,Vanderbilt,2026,58,2,26,San Francisco 49ers,SF,San Francisco 49ers,,False,Draft Countdown 2026 NFL Mock Draft 7.0 (Brian),https://www.draftcountdown.com/nfl-mock-draft/2026-nfl-mock-draft-7-0-rounds-2-3-brian/,true
mock-rookie-class-2026,2026-059-connor-lew-iol,2026-059-connor-lew-iol,Connor Lew,Connor Lew,IOL,HOU,0,ROOKIE,2026 rookie mock class,false,Auburn,2026,59,2,27,Houston Texans,HOU,Houston Texans,,False,Draft Countdown 2026 NFL Mock Draft 7.0 (Brian),https://www.draftcountdown.com/nfl-mock-draft/2026-nfl-mock-draft-7-0-rounds-2-3-brian/,false
mock-rookie-class-2026,2026-060-germie-bernard-wr,2026-060-germie-bernard-wr,Germie Bernard,Germie Bernard,WR,CHI,0,ROOKIE,2026 rookie mock class,false,Alabama,2026,60,2,28,Chicago Bears,CHI,Chicago Bears (F. BUF),Buffalo Bills,False,Draft Countdown 2026 NFL Mock Draft 7.0 (Brian),https://www.draftcountdown.com/nfl-mock-draft/2026-nfl-mock-draft-7-0-rounds-2-3-brian/,true
mock-rookie-class-2026,2026-061-elijah-sarratt-wr,2026-061-elijah-sarratt-wr,Elijah Sarratt,Elijah Sarratt,WR,LAR,0,ROOKIE,2026 rookie mock class,false,Indiana,2026,61,2,29,Los Angeles Rams,LAR,Los Angeles Rams,,False,Draft Countdown 2026 NFL Mock Draft 7.0 (Brian),https://www.draftcountdown.com/nfl-mock-draft/2026-nfl-mock-draft-7-0-rounds-2-3-brian/,true
mock-rookie-class-2026,2026-062-kyle-louis-lb,2026-062-kyle-louis-lb,Kyle Louis,Kyle Louis,LB,DEN,0,ROOKIE,2026 rookie mock class,false,Pittsburgh,2026,62,2,30,Denver Broncos,DEN,Denver Broncos,,False,Draft Countdown 2026 NFL Mock Draft 7.0 (Brian),https://www.draftcountdown.com/nfl-mock-draft/2026-nfl-mock-draft-7-0-rounds-2-3-brian/,false
mock-rookie-class-2026,2026-063-sam-roush-te,2026-063-sam-roush-te,Sam Roush,Sam Roush,TE,NE,0,ROOKIE,2026 rookie mock class,false,Stanford,2026,63,2,31,New England Patriots,NE,New England Patriots,,False,Draft Countdown 2026 NFL Mock Draft 7.0 (Brian),https://www.draftcountdown.com/nfl-mock-draft/2026-nfl-mock-draft-7-0-rounds-2-3-brian/,true
mock-rookie-class-2026,2026-064-mike-washington-rb,2026-064-mike-washington-rb,Mike Washington,Mike Washington,RB,SEA,0,ROOKIE,2026 rookie mock class,false,Arkansas,2026,64,2,32,Seattle Seahawks,SEA,Seattle Seahawks,,False,Draft Countdown 2026 NFL Mock Draft 7.0 (Brian),https://www.draftcountdown.com/nfl-mock-draft/2026-nfl-mock-draft-7-0-rounds-2-3-brian/,true
mock-rookie-class-2026,2026-065-derrick-moore-edge,2026-065-derrick-moore-edge,Derrick Moore,Derrick Moore,EDGE,ARI,0,ROOKIE,2026 rookie mock class,false,Michigan,2026,65,3,1,Arizona Cardinals,ARI,Arizona Cardinals,,False,Draft Countdown 2026 NFL Mock Draft 7.0 (Brian),https://www.draftcountdown.com/nfl-mock-draft/2026-nfl-mock-draft-7-0-rounds-2-3-brian/,false
mock-rookie-class-2026,2026-066-josiah-trotter-lb,2026-066-josiah-trotter-lb,Josiah Trotter,Josiah Trotter,LB,TEN,0,ROOKIE,2026 rookie mock class,false,Missouri,2026,66,3,2,Tennessee Titans,TEN,Tennessee Titans,,False,Draft Countdown 2026 NFL Mock Draft 7.0 (Brian),https://www.draftcountdown.com/nfl-mock-draft/2026-nfl-mock-draft-7-0-rounds-2-3-brian/,false
mock-rookie-class-2026,2026-067-ted-hurst-wr,2026-067-ted-hurst-wr,Ted Hurst,Ted Hurst,WR,LV,0,ROOKIE,2026 rookie mock class,false,Georgia State,2026,67,3,3,Las Vegas Raiders,LV,Las Vegas Raiders,,False,Draft Countdown 2026 NFL Mock Draft 7.0 (Brian),https://www.draftcountdown.com/nfl-mock-draft/2026-nfl-mock-draft-7-0-rounds-2-3-brian/,true
mock-rookie-class-2026,2026-068-keyron-crawford-edge,2026-068-keyron-crawford-edge,Keyron Crawford,Keyron Crawford,EDGE,PHI,0,ROOKIE,2026 rookie mock class,false,Auburn,2026,68,3,4,Philadelphia Eagles,PHI,Philadelphia Eagles (F. NYJ),New York Jets,False,Draft Countdown 2026 NFL Mock Draft 7.0 (Brian),https://www.draftcountdown.com/nfl-mock-draft/2026-nfl-mock-draft-7-0-rounds-2-3-brian/,false
mock-rookie-class-2026,2026-069-aj-haulcy-s,2026-069-aj-haulcy-s,AJ Haulcy,AJ Haulcy,S,HOU,0,ROOKIE,2026 rookie mock class,false,LSU,2026,69,3,5,Houston Texans,HOU,Houston Texans (F. NYG),New York Giants,False,Draft Countdown 2026 NFL Mock Draft 7.0 (Brian),https://www.draftcountdown.com/nfl-mock-draft/2026-nfl-mock-draft-7-0-rounds-2-3-brian/,false
mock-rookie-class-2026,2026-070-caleb-tiernan-ot,2026-070-caleb-tiernan-ot,Caleb Tiernan,Caleb Tiernan,OT,CLE,0,ROOKIE,2026 rookie mock class,false,Northwestern,2026,70,3,6,Cleveland Browns,CLE,Cleveland Browns,,False,Draft Countdown 2026 NFL Mock Draft 7.0 (Brian),https://www.draftcountdown.com/nfl-mock-draft/2026-nfl-mock-draft-7-0-rounds-2-3-brian/,false
mock-rookie-class-2026,2026-071-jadarian-price-rb,2026-071-jadarian-price-rb,Jadarian Price,Jadarian Price,RB,WSH,0,ROOKIE,2026 rookie mock class,false,Notre Dame,2026,71,3,7,Washington Commanders,WSH,Washington Commanders,,False,Draft Countdown 2026 NFL Mock Draft 7.0 (Brian),https://www.draftcountdown.com/nfl-mock-draft/2026-nfl-mock-draft-7-0-rounds-2-3-brian/,true
mock-rookie-class-2026,2026-072-deion-burks-wr,2026-072-deion-burks-wr,Deion Burks,Deion Burks,WR,CIN,0,ROOKIE,2026 rookie mock class,false,Oklahoma,2026,72,3,8,Cincinnati Bengals,CIN,Cincinnati Bengals,,False,Draft Countdown 2026 NFL Mock Draft 7.0 (Brian),https://www.draftcountdown.com/nfl-mock-draft/2026-nfl-mock-draft-7-0-rounds-2-3-brian/,true
mock-rookie-class-2026,2026-073-keith-abney-ii-cb,2026-073-keith-abney-ii-cb,Keith Abney II,Keith Abney II,CB,NO,0,ROOKIE,2026 rookie mock class,false,Arizona State,2026,73,3,9,New Orleans Saints,NO,New Orleans Saints,,False,Draft Countdown 2026 NFL Mock Draft 7.0 (Brian),https://www.draftcountdown.com/nfl-mock-draft/2026-nfl-mock-draft-7-0-rounds-2-3-brian/,false
mock-rookie-class-2026,2026-074-antonio-williams-wr,2026-074-antonio-williams-wr,Antonio Williams,Antonio Williams,WR,KC,0,ROOKIE,2026 rookie mock class,false,Clemson,2026,74,3,10,Kansas City Chiefs,KC,Kansas City Chiefs,,False,Draft Countdown 2026 NFL Mock Draft 7.0 (Brian),https://www.draftcountdown.com/nfl-mock-draft/2026-nfl-mock-draft-7-0-rounds-2-3-brian/,true
mock-rookie-class-2026,2026-075-dani-dennis-sutton-edge,2026-075-dani-dennis-sutton-edge,Dani Dennis-Sutton,Dani Dennis-Sutton,EDGE,MIA,0,ROOKIE,2026 rookie mock class,false,Penn State,2026,75,3,11,Miami Dolphins,MIA,Miami Dolphins,,False,Draft Countdown 2026 NFL Mock Draft 7.0 (Brian),https://www.draftcountdown.com/nfl-mock-draft/2026-nfl-mock-draft-7-0-rounds-2-3-brian/,false
mock-rookie-class-2026,2026-076-cole-payton-qb,2026-076-cole-payton-qb,Cole Payton,Cole Payton,QB,PIT,0,ROOKIE,2026 rookie mock class,false,North Dakota State,2026,76,3,12,Pittsburgh Steelers,PIT,Pittsburgh Steelers (F. DAL),Dallas Cowboys,False,Draft Countdown 2026 NFL Mock Draft 7.0 (Brian),https://www.draftcountdown.com/nfl-mock-draft/2026-nfl-mock-draft-7-0-rounds-2-3-brian/,true
mock-rookie-class-2026,2026-077-max-klare-te,2026-077-max-klare-te,Max Klare,Max Klare,TE,TB,0,ROOKIE,2026 rookie mock class,false,Ohio State,2026,77,3,13,Tampa Bay Buccaneers,TB,Tampa Bay Buccaneers,,False,Draft Countdown 2026 NFL Mock Draft 7.0 (Brian),https://www.draftcountdown.com/nfl-mock-draft/2026-nfl-mock-draft-7-0-rounds-2-3-brian/,true
mock-rookie-class-2026,2026-078-chris-mcclellan-dl,2026-078-chris-mcclellan-dl,Chris McClellan,Chris McClellan,DL,IND,0,ROOKIE,2026 rookie mock class,false,Missouri,2026,78,3,14,Indianapolis Colts,IND,Indianapolis Colts,,False,Draft Countdown 2026 NFL Mock Draft 7.0 (Brian),https://www.draftcountdown.com/nfl-mock-draft/2026-nfl-mock-draft-7-0-rounds-2-3-brian/,false
mock-rookie-class-2026,2026-079-malik-muhammad-cb,2026-079-malik-muhammad-cb,Malik Muhammad,Malik Muhammad,CB,ATL,0,ROOKIE,2026 rookie mock class,false,Texas,2026,79,3,15,Atlanta Falcons,ATL,Atlanta Falcons,,False,Draft Countdown 2026 NFL Mock Draft 7.0 (Brian),https://www.draftcountdown.com/nfl-mock-draft/2026-nfl-mock-draft-7-0-rounds-2-3-brian/,false
mock-rookie-class-2026,2026-080-bryce-lance-wr,2026-080-bryce-lance-wr,Bryce Lance,Bryce Lance,WR,BAL,0,ROOKIE,2026 rookie mock class,false,North Dakota State,2026,80,3,16,Baltimore Ravens,BAL,Baltimore Ravens,,False,Draft Countdown 2026 NFL Mock Draft 7.0 (Brian),https://www.draftcountdown.com/nfl-mock-draft/2026-nfl-mock-draft-7-0-rounds-2-3-brian/,true
mock-rookie-class-2026,2026-081-bud-clark-s,2026-081-bud-clark-s,Bud Clark,Bud Clark,S,JAX,0,ROOKIE,2026 rookie mock class,false,TCU,2026,81,3,17,Jacksonville Jaguars,JAX,Jacksonville Jaguars (F. DET),Detroit Lions,False,Draft Countdown 2026 NFL Mock Draft 7.0 (Brian),https://www.draftcountdown.com/nfl-mock-draft/2026-nfl-mock-draft-7-0-rounds-2-3-brian/,false
mock-rookie-class-2026,2026-082-devin-moore-cb,2026-082-devin-moore-cb,Devin Moore,Devin Moore,CB,MIN,0,ROOKIE,2026 rookie mock class,false,Florida,2026,82,3,18,Minnesota Vikings,MIN,Minnesota Vikings,,False,Draft Countdown 2026 NFL Mock Draft 7.0 (Brian),https://www.draftcountdown.com/nfl-mock-draft/2026-nfl-mock-draft-7-0-rounds-2-3-brian/,false
mock-rookie-class-2026,2026-083-malachi-lawrence-edge,2026-083-malachi-lawrence-edge,Malachi Lawrence,Malachi Lawrence,EDGE,CAR,0,ROOKIE,2026 rookie mock class,false,UCF,2026,83,3,19,Carolina Panthers,CAR,Carolina Panthers,,False,Draft Countdown 2026 NFL Mock Draft 7.0 (Brian),https://www.draftcountdown.com/nfl-mock-draft/2026-nfl-mock-draft-7-0-rounds-2-3-brian/,false
mock-rookie-class-2026,2026-084-domonique-orange-dl,2026-084-domonique-orange-dl,Domonique Orange,Domonique Orange,DL,GB,0,ROOKIE,2026 rookie mock class,false,Iowa State,2026,84,3,20,Green Bay Packers,GB,Green Bay Packers,,False,Draft Countdown 2026 NFL Mock Draft 7.0 (Brian),https://www.draftcountdown.com/nfl-mock-draft/2026-nfl-mock-draft-7-0-rounds-2-3-brian/,false
mock-rookie-class-2026,2026-085-malachi-fields-wr,2026-085-malachi-fields-wr,Malachi Fields,Malachi Fields,WR,PIT,0,ROOKIE,2026 rookie mock class,false,Notre Dame,2026,85,3,21,Pittsburgh Steelers,PIT,Pittsburgh Steelers,,False,Draft Countdown 2026 NFL Mock Draft 7.0 (Brian),https://www.draftcountdown.com/nfl-mock-draft/2026-nfl-mock-draft-7-0-rounds-2-3-brian/,true
mock-rookie-class-2026,2026-086-austin-barber-ot,2026-086-austin-barber-ot,Austin Barber,Austin Barber,OT,LAC,0,ROOKIE,2026 rookie mock class,false,Florida,2026,86,3,22,Los Angeles Chargers,LAC,Los Angeles Chargers,,False,Draft Countdown 2026 NFL Mock Draft 7.0 (Brian),https://www.draftcountdown.com/nfl-mock-draft/2026-nfl-mock-draft-7-0-rounds-2-3-brian/,false
mock-rookie-class-2026,2026-087-michael-trigg-te,2026-087-michael-trigg-te,Michael Trigg,Michael Trigg,TE,MIA,0,ROOKIE,2026 rookie mock class,false,Baylor,2026,87,3,23,Miami Dolphins,MIA,Miami Dolphins (F. PHI),Philadelphia Eagles,False,Draft Countdown 2026 NFL Mock Draft 7.0 (Brian),https://www.draftcountdown.com/nfl-mock-draft/2026-nfl-mock-draft-7-0-rounds-2-3-brian/,true
mock-rookie-class-2026,2026-088-darrell-jackson-jr-dl,2026-088-darrell-jackson-jr-dl,Darrell Jackson Jr.,Darrell Jackson Jr.,DL,JAX,0,ROOKIE,2026 rookie mock class,false,Florida State,2026,88,3,24,Jacksonville Jaguars,JAX,Jacksonville Jaguars,,False,Draft Countdown 2026 NFL Mock Draft 7.0 (Brian),https://www.draftcountdown.com/nfl-mock-draft/2026-nfl-mock-draft-7-0-rounds-2-3-brian/,false
mock-rookie-class-2026,2026-089-jake-golday-lb,2026-089-jake-golday-lb,Jake Golday,Jake Golday,LB,CHI,0,ROOKIE,2026 rookie mock class,false,Cincinnati,2026,89,3,25,Chicago Bears,CHI,Chicago Bears,,False,Draft Countdown 2026 NFL Mock Draft 7.0 (Brian),https://www.draftcountdown.com/nfl-mock-draft/2026-nfl-mock-draft-7-0-rounds-2-3-brian/,false
mock-rookie-class-2026,2026-090-jake-slaughter-iol,2026-090-jake-slaughter-iol,Jake Slaughter,Jake Slaughter,IOL,MIA,0,ROOKIE,2026 rookie mock class,false,Florida,2026,90,3,26,Miami Dolphins,MIA,Miami Dolphins (F. HOU),Houston Texans,False,Draft Countdown 2026 NFL Mock Draft 7.0 (Brian),https://www.draftcountdown.com/nfl-mock-draft/2026-nfl-mock-draft-7-0-rounds-2-3-brian/,false
mock-rookie-class-2026,2026-091-kaleb-elarms-orr-lb,2026-091-kaleb-elarms-orr-lb,Kaleb Elarms-Orr,Kaleb Elarms-Orr,LB,BUF,0,ROOKIE,2026 rookie mock class,false,TCU,2026,91,3,27,Buffalo Bills,BUF,Buffalo Bills,,False,Draft Countdown 2026 NFL Mock Draft 7.0 (Brian),https://www.draftcountdown.com/nfl-mock-draft/2026-nfl-mock-draft-7-0-rounds-2-3-brian/,false
mock-rookie-class-2026,2026-092-skyler-bell-wr,2026-092-skyler-bell-wr,Skyler Bell,Skyler Bell,WR,DAL,0,ROOKIE,2026 rookie mock class,false,UConn,2026,92,3,28,Dallas Cowboys,DAL,Dallas Cowboys (F. SF),San Francisco 49ers,False,Draft Countdown 2026 NFL Mock Draft 7.0 (Brian),https://www.draftcountdown.com/nfl-mock-draft/2026-nfl-mock-draft-7-0-rounds-2-3-brian/,true
mock-rookie-class-2026,2026-093-dametrious-crownover-ot,2026-093-dametrious-crownover-ot,Dametrious Crownover,Dametrious Crownover,OT,LAR,0,ROOKIE,2026 rookie mock class,false,Texas A&M,2026,93,3,29,Los Angeles Rams,LAR,Los Angeles Rams,,False,Draft Countdown 2026 NFL Mock Draft 7.0 (Brian),https://www.draftcountdown.com/nfl-mock-draft/2026-nfl-mock-draft-7-0-rounds-2-3-brian/,false
mock-rookie-class-2026,2026-094-will-lee-iii-cb,2026-094-will-lee-iii-cb,Will Lee III,Will Lee III,CB,MIA,0,ROOKIE,2026 rookie mock class,false,Texas A&M,2026,94,3,30,Miami Dolphins,MIA,Miami Dolphins (F. DEN),Denver Broncos,False,Draft Countdown 2026 NFL Mock Draft 7.0 (Brian),https://www.draftcountdown.com/nfl-mock-draft/2026-nfl-mock-draft-7-0-rounds-2-3-brian/,false
mock-rookie-class-2026,2026-095-jakobi-lane-wr,2026-095-jakobi-lane-wr,Ja'Kobi Lane,Ja'Kobi Lane,WR,NE,0,ROOKIE,2026 rookie mock class,false,Southern Cal,2026,95,3,31,New England Patriots,NE,New England Patriots,,False,Draft Countdown 2026 NFL Mock Draft 7.0 (Brian),https://www.draftcountdown.com/nfl-mock-draft/2026-nfl-mock-draft-7-0-rounds-2-3-brian/,true
mock-rookie-class-2026,2026-096-caden-curry-edge,2026-096-caden-curry-edge,Caden Curry,Caden Curry,EDGE,SEA,0,ROOKIE,2026 rookie mock class,false,Ohio State,2026,96,3,32,Seattle Seahawks,SEA,Seattle Seahawks,,False,Draft Countdown 2026 NFL Mock Draft 7.0 (Brian),https://www.draftcountdown.com/nfl-mock-draft/2026-nfl-mock-draft-7-0-rounds-2-3-brian/,false
mock-rookie-class-2026,2026-097-zane-durant-dl,2026-097-zane-durant-dl,Zane Durant,Zane Durant,DL,MIN,0,ROOKIE,2026 rookie mock class,false,Penn State,2026,97,3,33,Minnesota Vikings,MIN,Minnesota Vikings*,,True,Draft Countdown 2026 NFL Mock Draft 7.0 (Brian),https://www.draftcountdown.com/nfl-mock-draft/2026-nfl-mock-draft-7-0-rounds-2-3-brian/,false
mock-rookie-class-2026,2026-098-treydan-stukes-s,2026-098-treydan-stukes-s,Treydan Stukes,Treydan Stukes,S,PHI,0,ROOKIE,2026 rookie mock class,false,Arizona,2026,98,3,34,Philadelphia Eagles,PHI,Philadelphia Eagles*,,True,Draft Countdown 2026 NFL Mock Draft 7.0 (Brian),https://www.draftcountdown.com/nfl-mock-draft/2026-nfl-mock-draft-7-0-rounds-2-3-brian/,false
mock-rookie-class-2026,2026-099-kamari-ramsey-s,2026-099-kamari-ramsey-s,Kamari Ramsey,Kamari Ramsey,S,PIT,0,ROOKIE,2026 rookie mock class,false,Southern Cal,2026,99,3,35,Pittsburgh Steelers,PIT,Pittsburgh Steelers*,,True,Draft Countdown 2026 NFL Mock Draft 7.0 (Brian),https://www.draftcountdown.com/nfl-mock-draft/2026-nfl-mock-draft-7-0-rounds-2-3-brian/,false
mock-rookie-class-2026,2026-100-brenen-thompson-wr,2026-100-brenen-thompson-wr,Brenen Thompson,Brenen Thompson,WR,JAX,0,ROOKIE,2026 rookie mock class,false,Mississippi State,2026,100,3,36,Jacksonville Jaguars,JAX,Jacksonville Jaguars (F. DET)*,Detroit Lions,True,Draft Countdown 2026 NFL Mock Draft 7.0 (Brian),https://www.draftcountdown.com/nfl-mock-draft/2026-nfl-mock-draft-7-0-rounds-2-3-brian/,true
mock-rookie-class-2026,2026-101-emmett-johnson-rb,2026-101-emmett-johnson-rb,Emmett Johnson,Emmett Johnson,RB,TEN,0,ROOKIE,2026 rookie mock class,false,Nebraska,2026,101,4,1,Tennessee Titans,TEN,TEN,,False,Draft Countdown 2026 NFL Mock Draft 7.0 (Brian),https://www.draftcountdown.com/nfl-mock-draft/2026-nfl-mock-draft-7-0-rounds-4-7-brian/,true
mock-rookie-class-2026,2026-102-joshua-josephs-edge,2026-102-joshua-josephs-edge,Joshua Josephs,Joshua Josephs,EDGE,LV,0,ROOKIE,2026 rookie mock class,false,Tennessee,2026,102,4,2,Las Vegas Raiders,LV,LV,,False,Draft Countdown 2026 NFL Mock Draft 7.0 (Brian),https://www.draftcountdown.com/nfl-mock-draft/2026-nfl-mock-draft-7-0-rounds-4-7-brian/,false
mock-rookie-class-2026,2026-103-tacario-davis-cb,2026-103-tacario-davis-cb,Tacario Davis,Tacario Davis,CB,NYJ,0,ROOKIE,2026 rookie mock class,false,Washington,2026,103,4,3,New York Jets,NYJ,NYJ,,False,Draft Countdown 2026 NFL Mock Draft 7.0 (Brian),https://www.draftcountdown.com/nfl-mock-draft/2026-nfl-mock-draft-7-0-rounds-4-7-brian/,false
mock-rookie-class-2026,2026-104-harold-perkins-jr-lb,2026-104-harold-perkins-jr-lb,Harold Perkins Jr,Harold Perkins Jr,LB,ARI,0,ROOKIE,2026 rookie mock class,false,LSU,2026,104,4,4,Arizona Cardinals,ARI,ARZ,,False,Draft Countdown 2026 NFL Mock Draft 7.0 (Brian),https://www.draftcountdown.com/nfl-mock-draft/2026-nfl-mock-draft-7-0-rounds-4-7-brian/,false
mock-rookie-class-2026,2026-105-drew-shelton-ot,2026-105-drew-shelton-ot,Drew Shelton,Drew Shelton,OT,NYG,0,ROOKIE,2026 rookie mock class,false,Penn State,2026,105,4,5,New York Giants,NYG,NYG,,False,Draft Countdown 2026 NFL Mock Draft 7.0 (Brian),https://www.draftcountdown.com/nfl-mock-draft/2026-nfl-mock-draft-7-0-rounds-4-7-brian/,false
mock-rookie-class-2026,2026-106-sam-hecht-iol,2026-106-sam-hecht-iol,Sam Hecht,Sam Hecht,IOL,HOU,0,ROOKIE,2026 rookie mock class,false,Kansas State,2026,106,4,6,Houston Texans,HOU,HOU (F. WSH),Washington Commanders,False,Draft Countdown 2026 NFL Mock Draft 7.0 (Brian),https://www.draftcountdown.com/nfl-mock-draft/2026-nfl-mock-draft-7-0-rounds-4-7-brian/,false
mock-rookie-class-2026,2026-107-carson-beck-qb,2026-107-carson-beck-qb,Carson Beck,Carson Beck,QB,CLE,0,ROOKIE,2026 rookie mock class,false,Miami (FL),2026,107,4,7,Cleveland Browns,CLE,CLV,,False,Draft Countdown 2026 NFL Mock Draft 7.0 (Brian),https://www.draftcountdown.com/nfl-mock-draft/2026-nfl-mock-draft-7-0-rounds-4-7-brian/,true
mock-rookie-class-2026,2026-108-jack-endries-te,2026-108-jack-endries-te,Jack Endries,Jack Endries,TE,DEN,0,ROOKIE,2026 rookie mock class,false,Texas,2026,108,4,8,Denver Broncos,DEN,DEN (F. NO),New Orleans Saints,False,Draft Countdown 2026 NFL Mock Draft 7.0 (Brian),https://www.draftcountdown.com/nfl-mock-draft/2026-nfl-mock-draft-7-0-rounds-4-7-brian/,true
mock-rookie-class-2026,2026-109-jonah-coleman-rb,2026-109-jonah-coleman-rb,Jonah Coleman,Jonah Coleman,RB,KC,0,ROOKIE,2026 rookie mock class,false,Washington,2026,109,4,9,Kansas City Chiefs,KC,KC,,False,Draft Countdown 2026 NFL Mock Draft 7.0 (Brian),https://www.draftcountdown.com/nfl-mock-draft/2026-nfl-mock-draft-7-0-rounds-4-7-brian/,true
mock-rookie-class-2026,2026-110-zakee-wheatley-s,2026-110-zakee-wheatley-s,Zakee Wheatley,Zakee Wheatley,S,CIN,0,ROOKIE,2026 rookie mock class,false,Penn State,2026,110,4,10,Cincinnati Bengals,CIN,CIN,,False,Draft Countdown 2026 NFL Mock Draft 7.0 (Brian),https://www.draftcountdown.com/nfl-mock-draft/2026-nfl-mock-draft-7-0-rounds-4-7-brian/,false
mock-rookie-class-2026,2026-111-tim-keenan-iii-dl,2026-111-tim-keenan-iii-dl,Tim Keenan III,Tim Keenan III,DL,DEN,0,ROOKIE,2026 rookie mock class,false,Alabama,2026,111,4,11,Denver Broncos,DEN,DEN (F. MIA),Miami Dolphins,False,Draft Countdown 2026 NFL Mock Draft 7.0 (Brian),https://www.draftcountdown.com/nfl-mock-draft/2026-nfl-mock-draft-7-0-rounds-4-7-brian/,false
mock-rookie-class-2026,2026-112-nick-singleton-rb,2026-112-nick-singleton-rb,Nick Singleton,Nick Singleton,RB,DAL,0,ROOKIE,2026 rookie mock class,false,Penn State,2026,112,4,12,Dallas Cowboys,DAL,DAL,,False,Draft Countdown 2026 NFL Mock Draft 7.0 (Brian),https://www.draftcountdown.com/nfl-mock-draft/2026-nfl-mock-draft-7-0-rounds-4-7-brian/,true
mock-rookie-class-2026,2026-113-chris-bell-wr,2026-113-chris-bell-wr,Chris Bell,Chris Bell,WR,IND,0,ROOKIE,2026 rookie mock class,false,Louisville,2026,113,4,13,Indianapolis Colts,IND,IND,,False,Draft Countdown 2026 NFL Mock Draft 7.0 (Brian),https://www.draftcountdown.com/nfl-mock-draft/2026-nfl-mock-draft-7-0-rounds-4-7-brian/,true
mock-rookie-class-2026,2026-114-justin-joly-te,2026-114-justin-joly-te,Justin Joly,Justin Joly,TE,PHI,0,ROOKIE,2026 rookie mock class,false,NC State,2026,114,4,14,Philadelphia Eagles,PHI,PHI (F. ATL),Atlanta Falcons,False,Draft Countdown 2026 NFL Mock Draft 7.0 (Brian),https://www.draftcountdown.com/nfl-mock-draft/2026-nfl-mock-draft-7-0-rounds-4-7-brian/,true
mock-rookie-class-2026,2026-115-garrett-nussmeier-qb,2026-115-garrett-nussmeier-qb,Garrett Nussmeier,Garrett Nussmeier,QB,BAL,0,ROOKIE,2026 rookie mock class,false,LSU,2026,115,4,15,Baltimore Ravens,BAL,BAL,,False,Draft Countdown 2026 NFL Mock Draft 7.0 (Brian),https://www.draftcountdown.com/nfl-mock-draft/2026-nfl-mock-draft-7-0-rounds-4-7-brian/,true
mock-rookie-class-2026,2026-116-davison-igbinosun-cb,2026-116-davison-igbinosun-cb,Davison Igbinosun,Davison Igbinosun,CB,TB,0,ROOKIE,2026 rookie mock class,false,Ohio State,2026,116,4,16,Tampa Bay Buccaneers,TB,TB,,False,Draft Countdown 2026 NFL Mock Draft 7.0 (Brian),https://www.draftcountdown.com/nfl-mock-draft/2026-nfl-mock-draft-7-0-rounds-4-7-brian/,false
mock-rookie-class-2026,2026-117-parker-brailsford-iol,2026-117-parker-brailsford-iol,Parker Brailsford,Parker Brailsford,IOL,LV,0,ROOKIE,2026 rookie mock class,false,Alabama,2026,117,4,17,Las Vegas Raiders,LV,LV (F. MIN),Minnesota Vikings,False,Draft Countdown 2026 NFL Mock Draft 7.0 (Brian),https://www.draftcountdown.com/nfl-mock-draft/2026-nfl-mock-draft-7-0-rounds-4-7-brian/,false
mock-rookie-class-2026,2026-118-lt-overton-edge,2026-118-lt-overton-edge,LT Overton,LT Overton,EDGE,DET,0,ROOKIE,2026 rookie mock class,false,Alabama,2026,118,4,18,Detroit Lions,DET,DET,,False,Draft Countdown 2026 NFL Mock Draft 7.0 (Brian),https://www.draftcountdown.com/nfl-mock-draft/2026-nfl-mock-draft-7-0-rounds-4-7-brian/,false
mock-rookie-class-2026,2026-119-deontae-lawson-lb,2026-119-deontae-lawson-lb,Deontae Lawson,Deontae Lawson,LB,CAR,0,ROOKIE,2026 rookie mock class,false,Alabama,2026,119,4,19,Carolina Panthers,CAR,CAR,,False,Draft Countdown 2026 NFL Mock Draft 7.0 (Brian),https://www.draftcountdown.com/nfl-mock-draft/2026-nfl-mock-draft-7-0-rounds-4-7-brian/,false
mock-rookie-class-2026,2026-120-jc-davis-ot,2026-120-jc-davis-ot,JC Davis,JC Davis,OT,GB,0,ROOKIE,2026 rookie mock class,false,Illinois,2026,120,4,20,Green Bay Packers,GB,GB,,False,Draft Countdown 2026 NFL Mock Draft 7.0 (Brian),https://www.draftcountdown.com/nfl-mock-draft/2026-nfl-mock-draft-7-0-rounds-4-7-brian/,false
mock-rookie-class-2026,2026-121-jalen-farmer-iol,2026-121-jalen-farmer-iol,Jalen Farmer,Jalen Farmer,IOL,PIT,0,ROOKIE,2026 rookie mock class,false,Kentucky,2026,121,4,21,Pittsburgh Steelers,PIT,PIT,,False,Draft Countdown 2026 NFL Mock Draft 7.0 (Brian),https://www.draftcountdown.com/nfl-mock-draft/2026-nfl-mock-draft-7-0-rounds-4-7-brian/,false
mock-rookie-class-2026,2026-122-eric-mcalister-wr,2026-122-eric-mcalister-wr,Eric McAlister,Eric McAlister,WR,ATL,0,ROOKIE,2026 rookie mock class,false,TCU,2026,122,4,22,Atlanta Falcons,ATL,ATL (F. PHI),Philadelphia Eagles,False,Draft Countdown 2026 NFL Mock Draft 7.0 (Brian),https://www.draftcountdown.com/nfl-mock-draft/2026-nfl-mock-draft-7-0-rounds-4-7-brian/,true
mock-rookie-class-2026,2026-123-jaishawn-barham-edge,2026-123-jaishawn-barham-edge,Jaishawn Barham,Jaishawn Barham,EDGE,LAC,0,ROOKIE,2026 rookie mock class,false,Michigan,2026,123,4,23,Los Angeles Chargers,LAC,LAC,,False,Draft Countdown 2026 NFL Mock Draft 7.0 (Brian),https://www.draftcountdown.com/nfl-mock-draft/2026-nfl-mock-draft-7-0-rounds-4-7-brian/,false
mock-rookie-class-2026,2026-124-ephesians-prysock-cb,2026-124-ephesians-prysock-cb,Ephesians Prysock,Ephesians Prysock,CB,JAX,0,ROOKIE,2026 rookie mock class,false,Washington,2026,124,4,24,Jacksonville Jaguars,JAX,JAX,,False,Draft Countdown 2026 NFL Mock Draft 7.0 (Brian),https://www.draftcountdown.com/nfl-mock-draft/2026-nfl-mock-draft-7-0-rounds-4-7-brian/,false
mock-rookie-class-2026,2026-125-kage-casey-ot,2026-125-kage-casey-ot,Kage Casey,Kage Casey,OT,NE,0,ROOKIE,2026 rookie mock class,false,Boise State,2026,125,4,25,New England Patriots,NE,NE (F. CHI),Chicago Bears,False,Draft Countdown 2026 NFL Mock Draft 7.0 (Brian),https://www.draftcountdown.com/nfl-mock-draft/2026-nfl-mock-draft-7-0-rounds-4-7-brian/,false
mock-rookie-class-2026,2026-126-rayshaun-benny-dl,2026-126-rayshaun-benny-dl,Rayshaun Benny,Rayshaun Benny,DL,BUF,0,ROOKIE,2026 rookie mock class,false,Michigan,2026,126,4,26,Buffalo Bills,BUF,BUF,,False,Draft Countdown 2026 NFL Mock Draft 7.0 (Brian),https://www.draftcountdown.com/nfl-mock-draft/2026-nfl-mock-draft-7-0-rounds-4-7-brian/,false
mock-rookie-class-2026,2026-127-demonte-capehart-dl,2026-127-demonte-capehart-dl,Demonte Capehart,Demonte Capehart,DL,SF,0,ROOKIE,2026 rookie mock class,false,Clemson,2026,127,4,27,San Francisco 49ers,SF,SF,,False,Draft Countdown 2026 NFL Mock Draft 7.0 (Brian),https://www.draftcountdown.com/nfl-mock-draft/2026-nfl-mock-draft-7-0-rounds-4-7-brian/,false
mock-rookie-class-2026,2026-128-kaytron-allen-rb,2026-128-kaytron-allen-rb,Kaytron Allen,Kaytron Allen,RB,DET,0,ROOKIE,2026 rookie mock class,false,Penn State,2026,128,4,28,Detroit Lions,DET,DET (F. HOU),Houston Texans,False,Draft Countdown 2026 NFL Mock Draft 7.0 (Brian),https://www.draftcountdown.com/nfl-mock-draft/2026-nfl-mock-draft-7-0-rounds-4-7-brian/,true
mock-rookie-class-2026,2026-129-vj-payne-s,2026-129-vj-payne-s,VJ Payne,VJ Payne,S,CHI,0,ROOKIE,2026 rookie mock class,false,Kansas State,2026,129,4,29,Chicago Bears,CHI,CHI (F. LAR),Los Angeles Rams,False,Draft Countdown 2026 NFL Mock Draft 7.0 (Brian),https://www.draftcountdown.com/nfl-mock-draft/2026-nfl-mock-draft-7-0-rounds-4-7-brian/,false
mock-rookie-class-2026,2026-130-taylen-green-qb,2026-130-taylen-green-qb,Taylen Green,Taylen Green,QB,MIA,0,ROOKIE,2026 rookie mock class,false,Arkansas,2026,130,4,30,Miami Dolphins,MIA,MIA (F. DEN),Denver Broncos,False,Draft Countdown 2026 NFL Mock Draft 7.0 (Brian),https://www.draftcountdown.com/nfl-mock-draft/2026-nfl-mock-draft-7-0-rounds-4-7-brian/,true
mock-rookie-class-2026,2026-131-genesis-smith-s,2026-131-genesis-smith-s,Genesis Smith,Genesis Smith,S,NE,0,ROOKIE,2026 rookie mock class,false,Arizona,2026,131,4,31,New England Patriots,NE,NE (F. CHI),Chicago Bears,False,Draft Countdown 2026 NFL Mock Draft 7.0 (Brian),https://www.draftcountdown.com/nfl-mock-draft/2026-nfl-mock-draft-7-0-rounds-4-7-brian/,false
mock-rookie-class-2026,2026-132-vincent-anthony-jr-edge,2026-132-vincent-anthony-jr-edge,Vincent Anthony Jr.,Vincent Anthony Jr.,EDGE,NO,0,ROOKIE,2026 rookie mock class,false,Duke,2026,132,4,32,New Orleans Saints,NO,NO (F. SEA),Seattle Seahawks,False,Draft Countdown 2026 NFL Mock Draft 7.0 (Brian),https://www.draftcountdown.com/nfl-mock-draft/2026-nfl-mock-draft-7-0-rounds-4-7-brian/,false
mock-rookie-class-2026,2026-133-kevin-coleman-wr,2026-133-kevin-coleman-wr,Kevin Coleman,Kevin Coleman,WR,SF,0,ROOKIE,2026 rookie mock class,false,Missouri,2026,133,4,33,San Francisco 49ers,SF,SF*,,True,Draft Countdown 2026 NFL Mock Draft 7.0 (Brian),https://www.draftcountdown.com/nfl-mock-draft/2026-nfl-mock-draft-7-0-rounds-4-7-brian/,true
mock-rookie-class-2026,2026-134-zxavian-harris-dl,2026-134-zxavian-harris-dl,Zxavian Harris,Zxavian Harris,DL,LV,0,ROOKIE,2026 rookie mock class,false,Mississippi,2026,134,4,34,Las Vegas Raiders,LV,LV*,,True,Draft Countdown 2026 NFL Mock Draft 7.0 (Brian),https://www.draftcountdown.com/nfl-mock-draft/2026-nfl-mock-draft-7-0-rounds-4-7-brian/,false
mock-rookie-class-2026,2026-135-jude-bowry-ot,2026-135-jude-bowry-ot,Jude Bowry,Jude Bowry,OT,PIT,0,ROOKIE,2026 rookie mock class,false,Boston College,2026,135,4,35,Pittsburgh Steelers,PIT,PIT*,,True,Draft Countdown 2026 NFL Mock Draft 7.0 (Brian),https://www.draftcountdown.com/nfl-mock-draft/2026-nfl-mock-draft-7-0-rounds-4-7-brian/,false
mock-rookie-class-2026,2026-136-adam-randall-rb,2026-136-adam-randall-rb,Adam Randall,Adam Randall,RB,NO,0,ROOKIE,2026 rookie mock class,false,Clemson,2026,136,4,36,New Orleans Saints,NO,NO*,,True,Draft Countdown 2026 NFL Mock Draft 7.0 (Brian),https://www.draftcountdown.com/nfl-mock-draft/2026-nfl-mock-draft-7-0-rounds-4-7-brian/,true
mock-rookie-class-2026,2026-137-markel-bell-ot,2026-137-markel-bell-ot,Markel Bell,Markel Bell,OT,PHI,0,ROOKIE,2026 rookie mock class,false,Miami (FL),2026,137,4,37,Philadelphia Eagles,PHI,PHI*,,True,Draft Countdown 2026 NFL Mock Draft 7.0 (Brian),https://www.draftcountdown.com/nfl-mock-draft/2026-nfl-mock-draft-7-0-rounds-4-7-brian/,false
mock-rookie-class-2026,2026-138-quintayvious-hutchins-edge,2026-138-quintayvious-hutchins-edge,Quintayvious Hutchins,Quintayvious Hutchins,EDGE,SF,0,ROOKIE,2026 rookie mock class,false,Boston College,2026,138,4,38,San Francisco 49ers,SF,SF*,,True,Draft Countdown 2026 NFL Mock Draft 7.0 (Brian),https://www.draftcountdown.com/nfl-mock-draft/2026-nfl-mock-draft-7-0-rounds-4-7-brian/,false
mock-rookie-class-2026,2026-139-michael-taaffe-s,2026-139-michael-taaffe-s,Michael Taaffe,Michael Taaffe,S,SF,0,ROOKIE,2026 rookie mock class,false,Texas,2026,139,4,39,San Francisco 49ers,SF,SF*,,True,Draft Countdown 2026 NFL Mock Draft 7.0 (Brian),https://www.draftcountdown.com/nfl-mock-draft/2026-nfl-mock-draft-7-0-rounds-4-7-brian/,false
mock-rookie-class-2026,2026-140-bryson-eason-dl,2026-140-bryson-eason-dl,Bryson Eason,Bryson Eason,DL,NYJ,0,ROOKIE,2026 rookie mock class,false,Tennessee,2026,140,4,40,New York Jets,NYJ,NYJ*,,True,Draft Countdown 2026 NFL Mock Draft 7.0 (Brian),https://www.draftcountdown.com/nfl-mock-draft/2026-nfl-mock-draft-7-0-rounds-4-7-brian/,false
mock-rookie-class-2026,2026-141-trey-zuhn-iii-iol,2026-141-trey-zuhn-iii-iol,Trey Zuhn III,Trey Zuhn III,IOL,CLE,0,ROOKIE,2026 rookie mock class,false,Texas A&M,2026,141,5,1,Cleveland Browns,CLE,CLV (F. LV),Las Vegas Raiders,False,Draft Countdown 2026 NFL Mock Draft 7.0 (Brian),https://www.draftcountdown.com/nfl-mock-draft/2026-nfl-mock-draft-7-0-rounds-4-7-brian/,false
mock-rookie-class-2026,2026-142-daylen-everette-cb,2026-142-daylen-everette-cb,Daylen Everette,Daylen Everette,CB,TEN,0,ROOKIE,2026 rookie mock class,false,Georgia,2026,142,5,2,Tennessee Titans,TEN,TEN (F. NYJ),New York Jets,False,Draft Countdown 2026 NFL Mock Draft 7.0 (Brian),https://www.draftcountdown.com/nfl-mock-draft/2026-nfl-mock-draft-7-0-rounds-4-7-brian/,false
mock-rookie-class-2026,2026-143-jmari-taylor-rb,2026-143-jmari-taylor-rb,J'Mari Taylor,J'Mari Taylor,RB,ARI,0,ROOKIE,2026 rookie mock class,false,Virginia,2026,143,5,3,Arizona Cardinals,ARI,ARZ,,False,Draft Countdown 2026 NFL Mock Draft 7.0 (Brian),https://www.draftcountdown.com/nfl-mock-draft/2026-nfl-mock-draft-7-0-rounds-4-7-brian/,true
mock-rookie-class-2026,2026-144-cj-daniels-wr,2026-144-cj-daniels-wr,CJ Daniels,CJ Daniels,WR,TEN,0,ROOKIE,2026 rookie mock class,false,Miami (FL),2026,144,5,4,Tennessee Titans,TEN,TEN,,False,Draft Countdown 2026 NFL Mock Draft 7.0 (Brian),https://www.draftcountdown.com/nfl-mock-draft/2026-nfl-mock-draft-7-0-rounds-4-7-brian/,true
mock-rookie-class-2026,2026-145-deshon-singleton-s,2026-145-deshon-singleton-s,DeShon Singleton,DeShon Singleton,S,NYG,0,ROOKIE,2026 rookie mock class,false,Nebraska,2026,145,5,5,New York Giants,NYG,NYG,,False,Draft Countdown 2026 NFL Mock Draft 7.0 (Brian),https://www.draftcountdown.com/nfl-mock-draft/2026-nfl-mock-draft-7-0-rounds-4-7-brian/,false
mock-rookie-class-2026,2026-146-logan-fano-edge,2026-146-logan-fano-edge,Logan Fano,Logan Fano,EDGE,CLE,0,ROOKIE,2026 rookie mock class,false,Utah,2026,146,5,6,Cleveland Browns,CLE,CLV,,False,Draft Countdown 2026 NFL Mock Draft 7.0 (Brian),https://www.draftcountdown.com/nfl-mock-draft/2026-nfl-mock-draft-7-0-rounds-4-7-brian/,false
mock-rookie-class-2026,2026-147-bryce-boettcher-lb,2026-147-bryce-boettcher-lb,Bryce Boettcher,Bryce Boettcher,LB,WSH,0,ROOKIE,2026 rookie mock class,false,Oregon,2026,147,5,7,Washington Commanders,WSH,WSH,,False,Draft Countdown 2026 NFL Mock Draft 7.0 (Brian),https://www.draftcountdown.com/nfl-mock-draft/2026-nfl-mock-draft-7-0-rounds-4-7-brian/,false
mock-rookie-class-2026,2026-148-logan-taylor-ot,2026-148-logan-taylor-ot,Logan Taylor,Logan Taylor,OT,KC,0,ROOKIE,2026 rookie mock class,false,Boston College,2026,148,5,8,Kansas City Chiefs,KC,KC,,False,Draft Countdown 2026 NFL Mock Draft 7.0 (Brian),https://www.draftcountdown.com/nfl-mock-draft/2026-nfl-mock-draft-7-0-rounds-4-7-brian/,false
mock-rookie-class-2026,2026-149-barion-brown-wr,2026-149-barion-brown-wr,Barion Brown,Barion Brown,WR,CLE,0,ROOKIE,2026 rookie mock class,false,LSU,2026,149,5,9,Cleveland Browns,CLE,CLV (F. CIN),Cincinnati Bengals,False,Draft Countdown 2026 NFL Mock Draft 7.0 (Brian),https://www.draftcountdown.com/nfl-mock-draft/2026-nfl-mock-draft-7-0-rounds-4-7-brian/,true
mock-rookie-class-2026,2026-150-xavian-sorey-jr-lb,2026-150-xavian-sorey-jr-lb,Xavian Sorey Jr.,Xavian Sorey Jr.,LB,NO,0,ROOKIE,2026 rookie mock class,false,Arkansas,2026,150,5,10,New Orleans Saints,NO,NO,,False,Draft Countdown 2026 NFL Mock Draft 7.0 (Brian),https://www.draftcountdown.com/nfl-mock-draft/2026-nfl-mock-draft-7-0-rounds-4-7-brian/,false
mock-rookie-class-2026,2026-151-logan-jones-iol,2026-151-logan-jones-iol,Logan Jones,Logan Jones,IOL,MIA,0,ROOKIE,2026 rookie mock class,false,Iowa,2026,151,5,11,Miami Dolphins,MIA,MIA,,False,Draft Countdown 2026 NFL Mock Draft 7.0 (Brian),https://www.draftcountdown.com/nfl-mock-draft/2026-nfl-mock-draft-7-0-rounds-4-7-brian/,false
mock-rookie-class-2026,2026-152-drew-allar-qb,2026-152-drew-allar-qb,Drew Allar,Drew Allar,QB,DAL,0,ROOKIE,2026 rookie mock class,false,Penn State,2026,152,5,12,Dallas Cowboys,DAL,DAL,,False,Draft Countdown 2026 NFL Mock Draft 7.0 (Brian),https://www.draftcountdown.com/nfl-mock-draft/2026-nfl-mock-draft-7-0-rounds-4-7-brian/,true
mock-rookie-class-2026,2026-153-beau-stephens-iol,2026-153-beau-stephens-iol,Beau Stephens,Beau Stephens,IOL,PHI,0,ROOKIE,2026 rookie mock class,false,Iowa,2026,153,5,13,Philadelphia Eagles,PHI,PHI (F. ATL),Atlanta Falcons,False,Draft Countdown 2026 NFL Mock Draft 7.0 (Brian),https://www.draftcountdown.com/nfl-mock-draft/2026-nfl-mock-draft-7-0-rounds-4-7-brian/,false
mock-rookie-class-2026,2026-154-tanner-koziol-te,2026-154-tanner-koziol-te,Tanner Koziol,Tanner Koziol,TE,BAL,0,ROOKIE,2026 rookie mock class,false,Houston,2026,154,5,14,Baltimore Ravens,BAL,BAL,,False,Draft Countdown 2026 NFL Mock Draft 7.0 (Brian),https://www.draftcountdown.com/nfl-mock-draft/2026-nfl-mock-draft-7-0-rounds-4-7-brian/,true
mock-rookie-class-2026,2026-155-fernando-carmona-iol,2026-155-fernando-carmona-iol,Fernando Carmona,Fernando Carmona,IOL,TB,0,ROOKIE,2026 rookie mock class,false,Arkansas,2026,155,5,15,Tampa Bay Buccaneers,TB,TB,,False,Draft Countdown 2026 NFL Mock Draft 7.0 (Brian),https://www.draftcountdown.com/nfl-mock-draft/2026-nfl-mock-draft-7-0-rounds-4-7-brian/,false
mock-rookie-class-2026,2026-156-nadame-tucker-edge,2026-156-nadame-tucker-edge,Nadame Tucker,Nadame Tucker,EDGE,IND,0,ROOKIE,2026 rookie mock class,false,Western Michigan,2026,156,5,16,Indianapolis Colts,IND,IND,,False,Draft Countdown 2026 NFL Mock Draft 7.0 (Brian),https://www.draftcountdown.com/nfl-mock-draft/2026-nfl-mock-draft-7-0-rounds-4-7-brian/,false
mock-rookie-class-2026,2026-157-julian-neal-cb,2026-157-julian-neal-cb,Julian Neal,Julian Neal,CB,DET,0,ROOKIE,2026 rookie mock class,false,Arkansas,2026,157,5,17,Detroit Lions,DET,DET,,False,Draft Countdown 2026 NFL Mock Draft 7.0 (Brian),https://www.draftcountdown.com/nfl-mock-draft/2026-nfl-mock-draft-7-0-rounds-4-7-brian/,false
mock-rookie-class-2026,2026-158-josh-cameron-wr,2026-158-josh-cameron-wr,Josh Cameron,Josh Cameron,WR,CAR,0,ROOKIE,2026 rookie mock class,false,Baylor,2026,158,5,18,Carolina Panthers,CAR,CAR (F. MIN),Minnesota Vikings,False,Draft Countdown 2026 NFL Mock Draft 7.0 (Brian),https://www.draftcountdown.com/nfl-mock-draft/2026-nfl-mock-draft-7-0-rounds-4-7-brian/,true
mock-rookie-class-2026,2026-159-jeremiah-wright-ot,2026-159-jeremiah-wright-ot,Jeremiah Wright,Jeremiah Wright,OT,CAR,0,ROOKIE,2026 rookie mock class,false,Auburn,2026,159,5,19,Carolina Panthers,CAR,CAR (F. MIN),Minnesota Vikings,False,Draft Countdown 2026 NFL Mock Draft 7.0 (Brian),https://www.draftcountdown.com/nfl-mock-draft/2026-nfl-mock-draft-7-0-rounds-4-7-brian/,false
mock-rookie-class-2026,2026-160-aiden-fisher-lb,2026-160-aiden-fisher-lb,Aiden Fisher,Aiden Fisher,LB,GB,0,ROOKIE,2026 rookie mock class,false,Indiana,2026,160,5,20,Green Bay Packers,GB,GB,,False,Draft Countdown 2026 NFL Mock Draft 7.0 (Brian),https://www.draftcountdown.com/nfl-mock-draft/2026-nfl-mock-draft-7-0-rounds-4-7-brian/,false
mock-rookie-class-2026,2026-161-dontay-corleone-dl,2026-161-dontay-corleone-dl,Dontay Corleone,Dontay Corleone,DL,PIT,0,ROOKIE,2026 rookie mock class,false,Cincinnati,2026,161,5,21,Pittsburgh Steelers,PIT,PIT,,False,Draft Countdown 2026 NFL Mock Draft 7.0 (Brian),https://www.draftcountdown.com/nfl-mock-draft/2026-nfl-mock-draft-7-0-rounds-4-7-brian/,false
mock-rookie-class-2026,2026-162-kaleb-proctor-dl,2026-162-kaleb-proctor-dl,Kaleb Proctor,Kaleb Proctor,DL,BAL,0,ROOKIE,2026 rookie mock class,false,SE Louisiana,2026,162,5,22,Baltimore Ravens,BAL,BAL (F. LAC),Los Angeles Chargers,False,Draft Countdown 2026 NFL Mock Draft 7.0 (Brian),https://www.draftcountdown.com/nfl-mock-draft/2026-nfl-mock-draft-7-0-rounds-4-7-brian/,false
mock-rookie-class-2026,2026-163-demond-claiborne-rb,2026-163-demond-claiborne-rb,Demond Claiborne,Demond Claiborne,RB,MIN,0,ROOKIE,2026 rookie mock class,false,Wake Forest,2026,163,5,23,Minnesota Vikings,MIN,MIN (F. PHI),Philadelphia Eagles,False,Draft Countdown 2026 NFL Mock Draft 7.0 (Brian),https://www.draftcountdown.com/nfl-mock-draft/2026-nfl-mock-draft-7-0-rounds-4-7-brian/,true
mock-rookie-class-2026,2026-164-seth-mcgowan-rb,2026-164-seth-mcgowan-rb,Seth McGowan,Seth McGowan,RB,JAX,0,ROOKIE,2026 rookie mock class,false,Kentucky,2026,164,5,24,Jacksonville Jaguars,JAX,JAX,,False,Draft Countdown 2026 NFL Mock Draft 7.0 (Brian),https://www.draftcountdown.com/nfl-mock-draft/2026-nfl-mock-draft-7-0-rounds-4-7-brian/,true
mock-rookie-class-2026,2026-165-mikail-kamara-edge,2026-165-mikail-kamara-edge,Mikail Kamara,Mikail Kamara,EDGE,BUF,0,ROOKIE,2026 rookie mock class,false,Indiana,2026,165,5,25,Buffalo Bills,BUF,BUF (F. CHI),Chicago Bears,False,Draft Countdown 2026 NFL Mock Draft 7.0 (Brian),https://www.draftcountdown.com/nfl-mock-draft/2026-nfl-mock-draft-7-0-rounds-4-7-brian/,false
mock-rookie-class-2026,2026-166-febechi-nwaiwu-iol,2026-166-febechi-nwaiwu-iol,Febechi Nwaiwu,Febechi Nwaiwu,IOL,JAX,0,ROOKIE,2026 rookie mock class,false,Oklahoma,2026,166,5,26,Jacksonville Jaguars,JAX,JAX (F. SF),San Francisco 49ers,False,Draft Countdown 2026 NFL Mock Draft 7.0 (Brian),https://www.draftcountdown.com/nfl-mock-draft/2026-nfl-mock-draft-7-0-rounds-4-7-brian/,false
mock-rookie-class-2026,2026-167-roman-hemby-rb,2026-167-roman-hemby-rb,Roman Hemby,Roman Hemby,RB,HOU,0,ROOKIE,2026 rookie mock class,false,Indiana,2026,167,5,27,Houston Texans,HOU,HOU,,False,Draft Countdown 2026 NFL Mock Draft 7.0 (Brian),https://www.draftcountdown.com/nfl-mock-draft/2026-nfl-mock-draft-7-0-rounds-4-7-brian/,true
mock-rookie-class-2026,2026-168-louis-moore-s,2026-168-louis-moore-s,Louis Moore,Louis Moore,S,BUF,0,ROOKIE,2026 rookie mock class,false,Indiana,2026,168,5,28,Buffalo Bills,BUF,BUF,,False,Draft Countdown 2026 NFL Mock Draft 7.0 (Brian),https://www.draftcountdown.com/nfl-mock-draft/2026-nfl-mock-draft-7-0-rounds-4-7-brian/,false
mock-rookie-class-2026,2026-169-dallen-bentley-te,2026-169-dallen-bentley-te,Dallen Bentley,Dallen Bentley,TE,KC,0,ROOKIE,2026 rookie mock class,false,Utah,2026,169,5,29,Kansas City Chiefs,KC,KC (F. LAR),Los Angeles Rams,False,Draft Countdown 2026 NFL Mock Draft 7.0 (Brian),https://www.draftcountdown.com/nfl-mock-draft/2026-nfl-mock-draft-7-0-rounds-4-7-brian/,true
mock-rookie-class-2026,2026-170-enrique-cruz-ot,2026-170-enrique-cruz-ot,Enrique Cruz,Enrique Cruz,OT,DEN,0,ROOKIE,2026 rookie mock class,false,Kansas,2026,170,5,30,Denver Broncos,DEN,DEN,,False,Draft Countdown 2026 NFL Mock Draft 7.0 (Brian),https://www.draftcountdown.com/nfl-mock-draft/2026-nfl-mock-draft-7-0-rounds-4-7-brian/,false
mock-rookie-class-2026,2026-171-charles-demmings-cb,2026-171-charles-demmings-cb,Charles Demmings,Charles Demmings,CB,NE,0,ROOKIE,2026 rookie mock class,false,Stephen F Ausatin,2026,171,5,31,New England Patriots,NE,NE,,False,Draft Countdown 2026 NFL Mock Draft 7.0 (Brian),https://www.draftcountdown.com/nfl-mock-draft/2026-nfl-mock-draft-7-0-rounds-4-7-brian/,false
mock-rookie-class-2026,2026-172-robert-spears-jennings-s,2026-172-robert-spears-jennings-s,Robert Spears-Jennings,Robert Spears-Jennings,S,NO,0,ROOKIE,2026 rookie mock class,false,Oklahoma,2026,172,5,32,New Orleans Saints,NO,NO (F. SEA),Seattle Seahawks,False,Draft Countdown 2026 NFL Mock Draft 7.0 (Brian),https://www.draftcountdown.com/nfl-mock-draft/2026-nfl-mock-draft-7-0-rounds-4-7-brian/,false
mock-rookie-class-2026,2026-173-chandler-rivers-cb,2026-173-chandler-rivers-cb,Chandler Rivers,Chandler Rivers,CB,BAL,0,ROOKIE,2026 rookie mock class,false,Duke,2026,173,5,33,Baltimore Ravens,BAL,BAL*,,True,Draft Countdown 2026 NFL Mock Draft 7.0 (Brian),https://www.draftcountdown.com/nfl-mock-draft/2026-nfl-mock-draft-7-0-rounds-4-7-brian/,false
mock-rookie-class-2026,2026-174-brian-parker-ii-iol,2026-174-brian-parker-ii-iol,Brian Parker II,Brian Parker II,IOL,BAL,0,ROOKIE,2026 rookie mock class,false,Duke,2026,174,5,34,Baltimore Ravens,BAL,BAL*,,True,Draft Countdown 2026 NFL Mock Draft 7.0 (Brian),https://www.draftcountdown.com/nfl-mock-draft/2026-nfl-mock-draft-7-0-rounds-4-7-brian/,false
mock-rookie-class-2026,2026-175-nick-barrett-dl,2026-175-nick-barrett-dl,Nick Barrett,Nick Barrett,DL,LV,0,ROOKIE,2026 rookie mock class,false,South Carolina,2026,175,5,35,Las Vegas Raiders,LV,LV*,,True,Draft Countdown 2026 NFL Mock Draft 7.0 (Brian),https://www.draftcountdown.com/nfl-mock-draft/2026-nfl-mock-draft-7-0-rounds-4-7-brian/,false
mock-rookie-class-2026,2026-176-aaron-anderson-wr,2026-176-aaron-anderson-wr,Aaron Anderson,Aaron Anderson,WR,KC,0,ROOKIE,2026 rookie mock class,false,LSU,2026,176,5,36,Kansas City Chiefs,KC,KC*,,True,Draft Countdown 2026 NFL Mock Draft 7.0 (Brian),https://www.draftcountdown.com/nfl-mock-draft/2026-nfl-mock-draft-7-0-rounds-4-7-brian/,true
mock-rookie-class-2026,2026-177-bryan-thomas-jr-edge,2026-177-bryan-thomas-jr-edge,Bryan Thomas Jr.,Bryan Thomas Jr.,EDGE,DAL,0,ROOKIE,2026 rookie mock class,false,South Carolina,2026,177,5,37,Dallas Cowboys,DAL,DAL*,,True,Draft Countdown 2026 NFL Mock Draft 7.0 (Brian),https://www.draftcountdown.com/nfl-mock-draft/2026-nfl-mock-draft-7-0-rounds-4-7-brian/,false
mock-rookie-class-2026,2026-178-leveon-moss-rb,2026-178-leveon-moss-rb,Le'Veon Moss,Le'Veon Moss,RB,PHI,0,ROOKIE,2026 rookie mock class,false,Texas A&M,2026,178,5,38,Philadelphia Eagles,PHI,PHI*,,True,Draft Countdown 2026 NFL Mock Draft 7.0 (Brian),https://www.draftcountdown.com/nfl-mock-draft/2026-nfl-mock-draft-7-0-rounds-4-7-brian/,true
mock-rookie-class-2026,2026-179-behren-morton-qb,2026-179-behren-morton-qb,Behren Morton,Behren Morton,QB,NYJ,0,ROOKIE,2026 rookie mock class,false,Texas Tech,2026,179,5,39,New York Jets,NYJ,NYJ*,,True,Draft Countdown 2026 NFL Mock Draft 7.0 (Brian),https://www.draftcountdown.com/nfl-mock-draft/2026-nfl-mock-draft-7-0-rounds-4-7-brian/,true
mock-rookie-class-2026,2026-180-jack-kelly-lb,2026-180-jack-kelly-lb,Jack Kelly,Jack Kelly,LB,DAL,0,ROOKIE,2026 rookie mock class,false,BYU,2026,180,5,40,Dallas Cowboys,DAL,DAL*,,True,Draft Countdown 2026 NFL Mock Draft 7.0 (Brian),https://www.draftcountdown.com/nfl-mock-draft/2026-nfl-mock-draft-7-0-rounds-4-7-brian/,false
mock-rookie-class-2026,2026-181-jaeden-roberts-iol,2026-181-jaeden-roberts-iol,Jaeden Roberts,Jaeden Roberts,IOL,DET,0,ROOKIE,2026 rookie mock class,false,Alabama,2026,181,5,41,Detroit Lions,DET,DET*,,True,Draft Countdown 2026 NFL Mock Draft 7.0 (Brian),https://www.draftcountdown.com/nfl-mock-draft/2026-nfl-mock-draft-7-0-rounds-4-7-brian/,false
mock-rookie-class-2026,2026-182-hezekiah-masses-cb,2026-182-hezekiah-masses-cb,Hezekiah Masses,Hezekiah Masses,CB,LV,0,ROOKIE,2026 rookie mock class,false,Cal,2026,182,6,1,Las Vegas Raiders,LV,LV (F. NYJ),New York Jets,False,Draft Countdown 2026 NFL Mock Draft 7.0 (Brian),https://www.draftcountdown.com/nfl-mock-draft/2026-nfl-mock-draft-7-0-rounds-4-7-brian/,false
mock-rookie-class-2026,2026-183-zavion-thomas-wr,2026-183-zavion-thomas-wr,Zavion Thomas,Zavion Thomas,WR,ARI,0,ROOKIE,2026 rookie mock class,false,LSU,2026,183,6,2,Arizona Cardinals,ARI,ARZ,,False,Draft Countdown 2026 NFL Mock Draft 7.0 (Brian),https://www.draftcountdown.com/nfl-mock-draft/2026-nfl-mock-draft-7-0-rounds-4-7-brian/,true
mock-rookie-class-2026,2026-184-aamil-wagner-ot,2026-184-aamil-wagner-ot,Aamil Wagner,Aamil Wagner,OT,TEN,0,ROOKIE,2026 rookie mock class,false,Notre Dame,2026,184,6,3,Tennessee Titans,TEN,TEN,,False,Draft Countdown 2026 NFL Mock Draft 7.0 (Brian),https://www.draftcountdown.com/nfl-mock-draft/2026-nfl-mock-draft-7-0-rounds-4-7-brian/,false
mock-rookie-class-2026,2026-185-jakobe-thomas-s,2026-185-jakobe-thomas-s,Jakobe Thomas,Jakobe Thomas,S,LV,0,ROOKIE,2026 rookie mock class,false,Miami (FL),2026,185,6,4,Las Vegas Raiders,LV,LV,,False,Draft Countdown 2026 NFL Mock Draft 7.0 (Brian),https://www.draftcountdown.com/nfl-mock-draft/2026-nfl-mock-draft-7-0-rounds-4-7-brian/,false
mock-rookie-class-2026,2026-186-jam-miller-rb,2026-186-jam-miller-rb,Jam Miller,Jam Miller,RB,NYG,0,ROOKIE,2026 rookie mock class,false,Alabama,2026,186,6,5,New York Giants,NYG,NYG,,False,Draft Countdown 2026 NFL Mock Draft 7.0 (Brian),https://www.draftcountdown.com/nfl-mock-draft/2026-nfl-mock-draft-7-0-rounds-4-7-brian/,true
mock-rookie-class-2026,2026-187-trey-smack-k,2026-187-trey-smack-k,Trey Smack,Trey Smack,K,WSH,0,ROOKIE,2026 rookie mock class,false,Florida,2026,187,6,6,Washington Commanders,WSH,WSH,,False,Draft Countdown 2026 NFL Mock Draft 7.0 (Brian),https://www.draftcountdown.com/nfl-mock-draft/2026-nfl-mock-draft-7-0-rounds-4-7-brian/,true
mock-rookie-class-2026,2026-188-pat-coogan-iol,2026-188-pat-coogan-iol,Pat Coogan,Pat Coogan,IOL,SEA,0,ROOKIE,2026 rookie mock class,false,Indiana,2026,188,6,7,Seattle Seahawks,SEA,SEA (F. CLV),Cleveland Browns,False,Draft Countdown 2026 NFL Mock Draft 7.0 (Brian),https://www.draftcountdown.com/nfl-mock-draft/2026-nfl-mock-draft-7-0-rounds-4-7-brian/,false
mock-rookie-class-2026,2026-189-landon-robinson-dl,2026-189-landon-robinson-dl,Landon Robinson,Landon Robinson,DL,CIN,0,ROOKIE,2026 rookie mock class,false,Navy,2026,189,6,8,Cincinnati Bengals,CIN,CIN,,False,Draft Countdown 2026 NFL Mock Draft 7.0 (Brian),https://www.draftcountdown.com/nfl-mock-draft/2026-nfl-mock-draft-7-0-rounds-4-7-brian/,false
mock-rookie-class-2026,2026-190-josh-cuevas-te,2026-190-josh-cuevas-te,Josh Cuevas,Josh Cuevas,TE,NO,0,ROOKIE,2026 rookie mock class,false,Alabama,2026,190,6,9,New Orleans Saints,NO,NO,,False,Draft Countdown 2026 NFL Mock Draft 7.0 (Brian),https://www.draftcountdown.com/nfl-mock-draft/2026-nfl-mock-draft-7-0-rounds-4-7-brian/,true
mock-rookie-class-2026,2026-191-lander-barton-lb,2026-191-lander-barton-lb,Lander Barton,Lander Barton,LB,NE,0,ROOKIE,2026 rookie mock class,false,Utah,2026,191,6,10,New England Patriots,NE,NE (F. KC),Kansas City Chiefs,False,Draft Countdown 2026 NFL Mock Draft 7.0 (Brian),https://www.draftcountdown.com/nfl-mock-draft/2026-nfl-mock-draft-7-0-rounds-4-7-brian/,false
mock-rookie-class-2026,2026-192-lewis-bond-wr,2026-192-lewis-bond-wr,Lewis Bond,Lewis Bond,WR,NYG,0,ROOKIE,2026 rookie mock class,false,Boston College,2026,192,6,11,New York Giants,NYG,NYG (F. MIA),Miami Dolphins,False,Draft Countdown 2026 NFL Mock Draft 7.0 (Brian),https://www.draftcountdown.com/nfl-mock-draft/2026-nfl-mock-draft-7-0-rounds-4-7-brian/,true
mock-rookie-class-2026,2026-193-marlin-klein-te,2026-193-marlin-klein-te,Marlin Klein,Marlin Klein,TE,NYG,0,ROOKIE,2026 rookie mock class,false,Michigan,2026,193,6,12,New York Giants,NYG,NYG (F. DAL),Dallas Cowboys,False,Draft Countdown 2026 NFL Mock Draft 7.0 (Brian),https://www.draftcountdown.com/nfl-mock-draft/2026-nfl-mock-draft-7-0-rounds-4-7-brian/,true
mock-rookie-class-2026,2026-194-haynes-king-qb,2026-194-haynes-king-qb,Haynes King,Haynes King,QB,TEN,0,ROOKIE,2026 rookie mock class,false,Georgia Tech,2026,194,6,13,Tennessee Titans,TEN,TEN (F. BAL),Baltimore Ravens,False,Draft Countdown 2026 NFL Mock Draft 7.0 (Brian),https://www.draftcountdown.com/nfl-mock-draft/2026-nfl-mock-draft-7-0-rounds-4-7-brian/,true
mock-rookie-class-2026,2026-195-cameron-ball-dl,2026-195-cameron-ball-dl,Cameron Ball,Cameron Ball,DL,TB,0,ROOKIE,2026 rookie mock class,false,Arkansas,2026,195,6,14,Tampa Bay Buccaneers,TB,TB,,False,Draft Countdown 2026 NFL Mock Draft 7.0 (Brian),https://www.draftcountdown.com/nfl-mock-draft/2026-nfl-mock-draft-7-0-rounds-4-7-brian/,false
mock-rookie-class-2026,2026-196-james-brockermeyer-iol,2026-196-james-brockermeyer-iol,James Brockermeyer,James Brockermeyer,IOL,MIN,0,ROOKIE,2026 rookie mock class,false,Miami (FL),2026,196,6,15,Minnesota Vikings,MIN,MIN (F. IND),Indianapolis Colts,False,Draft Countdown 2026 NFL Mock Draft 7.0 (Brian),https://www.draftcountdown.com/nfl-mock-draft/2026-nfl-mock-draft-7-0-rounds-4-7-brian/,false
mock-rookie-class-2026,2026-197-jeff-caldwell-wr,2026-197-jeff-caldwell-wr,Jeff Caldwell,Jeff Caldwell,WR,PHI,0,ROOKIE,2026 rookie mock class,false,Cincinnati,2026,197,6,16,Philadelphia Eagles,PHI,PHI (F. ATL),Atlanta Falcons,False,Draft Countdown 2026 NFL Mock Draft 7.0 (Brian),https://www.draftcountdown.com/nfl-mock-draft/2026-nfl-mock-draft-7-0-rounds-4-7-brian/,true
mock-rookie-class-2026,2026-198-keagen-trost-iol,2026-198-keagen-trost-iol,Keagen Trost,Keagen Trost,IOL,NE,0,ROOKIE,2026 rookie mock class,false,Missouri,2026,198,6,17,New England Patriots,NE,NE (F. MIN),Minnesota Vikings,False,Draft Countdown 2026 NFL Mock Draft 7.0 (Brian),https://www.draftcountdown.com/nfl-mock-draft/2026-nfl-mock-draft-7-0-rounds-4-7-brian/,false
mock-rookie-class-2026,2026-199-eric-gentry-lb,2026-199-eric-gentry-lb,Eric Gentry,Eric Gentry,LB,CIN,0,ROOKIE,2026 rookie mock class,false,Southern Cal,2026,199,6,18,Cincinnati Bengals,CIN,CIN (F. DET),Detroit Lions,False,Draft Countdown 2026 NFL Mock Draft 7.0 (Brian),https://www.draftcountdown.com/nfl-mock-draft/2026-nfl-mock-draft-7-0-rounds-4-7-brian/,false
mock-rookie-class-2026,2026-200-thaddeus-dixon-cb,2026-200-thaddeus-dixon-cb,Thaddeus Dixon,Thaddeus Dixon,CB,CAR,0,ROOKIE,2026 rookie mock class,false,North Carolina,2026,200,6,19,Carolina Panthers,CAR,CAR,,False,Draft Countdown 2026 NFL Mock Draft 7.0 (Brian),https://www.draftcountdown.com/nfl-mock-draft/2026-nfl-mock-draft-7-0-rounds-4-7-brian/,false
mock-rookie-class-2026,2026-201-anthony-lucas-edge,2026-201-anthony-lucas-edge,Anthony Lucas,Anthony Lucas,EDGE,GB,0,ROOKIE,2026 rookie mock class,false,Southern Cal,2026,201,6,20,Green Bay Packers,GB,GB,,False,Draft Countdown 2026 NFL Mock Draft 7.0 (Brian),https://www.draftcountdown.com/nfl-mock-draft/2026-nfl-mock-draft-7-0-rounds-4-7-brian/,false
mock-rookie-class-2026,2026-202-max-llewellyn-edge,2026-202-max-llewellyn-edge,Max Llewellyn,Max Llewellyn,EDGE,NE,0,ROOKIE,2026 rookie mock class,false,Iowa,2026,202,6,21,New England Patriots,NE,NE (F. PIT),Pittsburgh Steelers,False,Draft Countdown 2026 NFL Mock Draft 7.0 (Brian),https://www.draftcountdown.com/nfl-mock-draft/2026-nfl-mock-draft-7-0-rounds-4-7-brian/,false
mock-rookie-class-2026,2026-203-isaiah-world-ot,2026-203-isaiah-world-ot,Isaiah World,Isaiah World,OT,JAX,0,ROOKIE,2026 rookie mock class,false,Oregon,2026,203,6,22,Jacksonville Jaguars,JAX,JAX (F. PHI),Philadelphia Eagles,False,Draft Countdown 2026 NFL Mock Draft 7.0 (Brian),https://www.draftcountdown.com/nfl-mock-draft/2026-nfl-mock-draft-7-0-rounds-4-7-brian/,false
mock-rookie-class-2026,2026-204-will-kacmarek-te,2026-204-will-kacmarek-te,Will Kacmarek,Will Kacmarek,TE,LAC,0,ROOKIE,2026 rookie mock class,false,Ohio State,2026,204,6,23,Los Angeles Chargers,LAC,LAC,,False,Draft Countdown 2026 NFL Mock Draft 7.0 (Brian),https://www.draftcountdown.com/nfl-mock-draft/2026-nfl-mock-draft-7-0-rounds-4-7-brian/,true
mock-rookie-class-2026,2026-205-eli-raridon-te,2026-205-eli-raridon-te,Eli Raridon,Eli Raridon,TE,DET,0,ROOKIE,2026 rookie mock class,false,Notre Dame,2026,205,6,24,Detroit Lions,DET,DET (F. JAX),Jacksonville Jaguars,False,Draft Countdown 2026 NFL Mock Draft 7.0 (Brian),https://www.draftcountdown.com/nfl-mock-draft/2026-nfl-mock-draft-7-0-rounds-4-7-brian/,true
mock-rookie-class-2026,2026-206-lorenzo-styles-jr-s,2026-206-lorenzo-styles-jr-s,Lorenzo Styles Jr.,Lorenzo Styles Jr.,S,CLE,0,ROOKIE,2026 rookie mock class,false,Ohio State,2026,206,6,25,Cleveland Browns,CLE,CLV (F. CHI),Chicago Bears,False,Draft Countdown 2026 NFL Mock Draft 7.0 (Brian),https://www.draftcountdown.com/nfl-mock-draft/2026-nfl-mock-draft-7-0-rounds-4-7-brian/,false
mock-rookie-class-2026,2026-207-cade-klubnik-qb,2026-207-cade-klubnik-qb,Cade Klubnik,Cade Klubnik,QB,LAR,0,ROOKIE,2026 rookie mock class,false,Clemson,2026,207,6,26,Los Angeles Rams,LAR,LAR (F. HOU),Houston Texans,False,Draft Countdown 2026 NFL Mock Draft 7.0 (Brian),https://www.draftcountdown.com/nfl-mock-draft/2026-nfl-mock-draft-7-0-rounds-4-7-brian/,true
mock-rookie-class-2026,2026-208-kaelon-black-rb,2026-208-kaelon-black-rb,Kaelon Black,Kaelon Black,RB,LV,0,ROOKIE,2026 rookie mock class,false,Indiana,2026,208,6,27,Las Vegas Raiders,LV,LV (F. BUF),Buffalo Bills,False,Draft Countdown 2026 NFL Mock Draft 7.0 (Brian),https://www.draftcountdown.com/nfl-mock-draft/2026-nfl-mock-draft-7-0-rounds-4-7-brian/,true
mock-rookie-class-2026,2026-209-eric-oneill-edge,2026-209-eric-oneill-edge,Eric O'Neill,Eric O'Neill,EDGE,WSH,0,ROOKIE,2026 rookie mock class,false,Rutgers,2026,209,6,28,Washington Commanders,WSH,WSH (F. SF),San Francisco 49ers,False,Draft Countdown 2026 NFL Mock Draft 7.0 (Brian),https://www.draftcountdown.com/nfl-mock-draft/2026-nfl-mock-draft-7-0-rounds-4-7-brian/,false
mock-rookie-class-2026,2026-210-deven-eastern-dl,2026-210-deven-eastern-dl,Deven Eastern,Deven Eastern,DL,KC,0,ROOKIE,2026 rookie mock class,false,Minnesota,2026,210,6,29,Kansas City Chiefs,KC,KC (F. LAR),Los Angeles Rams,False,Draft Countdown 2026 NFL Mock Draft 7.0 (Brian),https://www.draftcountdown.com/nfl-mock-draft/2026-nfl-mock-draft-7-0-rounds-4-7-brian/,false
mock-rookie-class-2026,2026-211-carver-willis-ot,2026-211-carver-willis-ot,Carver Willis,Carver Willis,OT,BAL,0,ROOKIE,2026 rookie mock class,false,Washington,2026,211,6,30,Baltimore Ravens,BAL,BAL (F. DEN),Denver Broncos,False,Draft Countdown 2026 NFL Mock Draft 7.0 (Brian),https://www.draftcountdown.com/nfl-mock-draft/2026-nfl-mock-draft-7-0-rounds-4-7-brian/,false
mock-rookie-class-2026,2026-212-owen-heinecke-lb,2026-212-owen-heinecke-lb,Owen Heinecke,Owen Heinecke,LB,NE,0,ROOKIE,2026 rookie mock class,false,Oklahoma,2026,212,6,31,New England Patriots,NE,NE,,False,Draft Countdown 2026 NFL Mock Draft 7.0 (Brian),https://www.draftcountdown.com/nfl-mock-draft/2026-nfl-mock-draft-7-0-rounds-4-7-brian/,false
mock-rookie-class-2026,2026-213-josh-moten-cb,2026-213-josh-moten-cb,Josh Moten,Josh Moten,CB,DET,0,ROOKIE,2026 rookie mock class,false,Southern Miss,2026,213,6,32,Detroit Lions,DET,DET (F. SEA),Seattle Seahawks,False,Draft Countdown 2026 NFL Mock Draft 7.0 (Brian),https://www.draftcountdown.com/nfl-mock-draft/2026-nfl-mock-draft-7-0-rounds-4-7-brian/,false
mock-rookie-class-2026,2026-214-bishop-fitzgerald-s,2026-214-bishop-fitzgerald-s,Bishop Fitzgerald,Bishop Fitzgerald,S,IND,0,ROOKIE,2026 rookie mock class,false,Southern Cal,2026,214,6,33,Indianapolis Colts,IND,IND (F. PIT)*,Pittsburgh Steelers,True,Draft Countdown 2026 NFL Mock Draft 7.0 (Brian),https://www.draftcountdown.com/nfl-mock-draft/2026-nfl-mock-draft-7-0-rounds-4-7-brian/,false
mock-rookie-class-2026,2026-215-mason-reiger-edge,2026-215-mason-reiger-edge,Mason Reiger,Mason Reiger,EDGE,ATL,0,ROOKIE,2026 rookie mock class,false,Wisconsin,2026,215,6,34,Atlanta Falcons,ATL,ATL (F. PHI)*,Philadelphia Eagles,True,Draft Countdown 2026 NFL Mock Draft 7.0 (Brian),https://www.draftcountdown.com/nfl-mock-draft/2026-nfl-mock-draft-7-0-rounds-4-7-brian/,false
mock-rookie-class-2026,2026-216-scooby-williams-lb,2026-216-scooby-williams-lb,Scooby Williams,Scooby Williams,LB,PIT,0,ROOKIE,2026 rookie mock class,false,Texas A&M,2026,216,6,35,Pittsburgh Steelers,PIT,PIT*,,True,Draft Countdown 2026 NFL Mock Draft 7.0 (Brian),https://www.draftcountdown.com/nfl-mock-draft/2026-nfl-mock-draft-7-0-rounds-4-7-brian/,false
mock-rookie-class-2026,2026-217-jordan-van-den-berg-dl,2026-217-jordan-van-den-berg-dl,Jordan van den Berg,Jordan van den Berg,DL,ARI,0,ROOKIE,2026 rookie mock class,false,Georgia Tech,2026,217,7,1,Arizona Cardinals,ARI,ARZ,,False,Draft Countdown 2026 NFL Mock Draft 7.0 (Brian),https://www.draftcountdown.com/nfl-mock-draft/2026-nfl-mock-draft-7-0-rounds-4-7-brian/,false
mock-rookie-class-2026,2026-218-alex-harkey-ot,2026-218-alex-harkey-ot,Alex Harkey,Alex Harkey,OT,DAL,0,ROOKIE,2026 rookie mock class,false,Oregon,2026,218,7,2,Dallas Cowboys,DAL,DAL (F. TEN),Tennessee Titans,False,Draft Countdown 2026 NFL Mock Draft 7.0 (Brian),https://www.draftcountdown.com/nfl-mock-draft/2026-nfl-mock-draft-7-0-rounds-4-7-brian/,false
mock-rookie-class-2026,2026-219-eli-heidenreich-wr,2026-219-eli-heidenreich-wr,Eli Heidenreich,Eli Heidenreich,WR,LV,0,ROOKIE,2026 rookie mock class,false,Navy,2026,219,7,3,Las Vegas Raiders,LV,LV,,False,Draft Countdown 2026 NFL Mock Draft 7.0 (Brian),https://www.draftcountdown.com/nfl-mock-draft/2026-nfl-mock-draft-7-0-rounds-4-7-brian/,true
mock-rookie-class-2026,2026-220-collin-wright-cb,2026-220-collin-wright-cb,Collin Wright,Collin Wright,CB,BUF,0,ROOKIE,2026 rookie mock class,false,Stanford,2026,220,7,4,Buffalo Bills,BUF,BUF (F. NYJ),New York Jets,False,Draft Countdown 2026 NFL Mock Draft 7.0 (Brian),https://www.draftcountdown.com/nfl-mock-draft/2026-nfl-mock-draft-7-0-rounds-4-7-brian/,false
mock-rookie-class-2026,2026-221-jager-burton-iol,2026-221-jager-burton-iol,Jager Burton,Jager Burton,IOL,CIN,0,ROOKIE,2026 rookie mock class,false,Kentucky,2026,221,7,5,Cincinnati Bengals,CIN,CIN (F. NYG),New York Giants,False,Draft Countdown 2026 NFL Mock Draft 7.0 (Brian),https://www.draftcountdown.com/nfl-mock-draft/2026-nfl-mock-draft-7-0-rounds-4-7-brian/,false
mock-rookie-class-2026,2026-222-keyshaun-elliott-lb,2026-222-keyshaun-elliott-lb,Keyshaun Elliott,Keyshaun Elliott,LB,DET,0,ROOKIE,2026 rookie mock class,false,Arizona State,2026,222,7,6,Detroit Lions,DET,DET (F. CLV),Cleveland Browns,False,Draft Countdown 2026 NFL Mock Draft 7.0 (Brian),https://www.draftcountdown.com/nfl-mock-draft/2026-nfl-mock-draft-7-0-rounds-4-7-brian/,false
mock-rookie-class-2026,2026-223-drew-stephens-k,2026-223-drew-stephens-k,Drew Stephens,Drew Stephens,K,WSH,0,ROOKIE,2026 rookie mock class,false,Iowa,2026,223,7,7,Washington Commanders,WSH,WSH,,False,Draft Countdown 2026 NFL Mock Draft 7.0 (Brian),https://www.draftcountdown.com/nfl-mock-draft/2026-nfl-mock-draft-7-0-rounds-4-7-brian/,true
mock-rookie-class-2026,2026-224-caleb-douglas-wr,2026-224-caleb-douglas-wr,Caleb Douglas,Caleb Douglas,WR,PIT,0,ROOKIE,2026 rookie mock class,false,Texas Tech,2026,224,7,8,Pittsburgh Steelers,PIT,PIT (F. NO),New Orleans Saints,False,Draft Countdown 2026 NFL Mock Draft 7.0 (Brian),https://www.draftcountdown.com/nfl-mock-draft/2026-nfl-mock-draft-7-0-rounds-4-7-brian/,true
mock-rookie-class-2026,2026-225-jalen-huskey-s,2026-225-jalen-huskey-s,Jalen Huskey,Jalen Huskey,S,TEN,0,ROOKIE,2026 rookie mock class,false,Maryland,2026,225,7,9,Tennessee Titans,TEN,TEN (F. KC),Kansas City Chiefs,False,Draft Countdown 2026 NFL Mock Draft 7.0 (Brian),https://www.draftcountdown.com/nfl-mock-draft/2026-nfl-mock-draft-7-0-rounds-4-7-brian/,false
mock-rookie-class-2026,2026-226-kaden-wetjen-wr,2026-226-kaden-wetjen-wr,Kaden Wetjen,Kaden Wetjen,WR,CIN,0,ROOKIE,2026 rookie mock class,false,Iowa,2026,226,7,10,Cincinnati Bengals,CIN,CIN,,False,Draft Countdown 2026 NFL Mock Draft 7.0 (Brian),https://www.draftcountdown.com/nfl-mock-draft/2026-nfl-mock-draft-7-0-rounds-4-7-brian/,true
mock-rookie-class-2026,2026-227-cole-wisniewski-s,2026-227-cole-wisniewski-s,Cole Wisniewski,Cole Wisniewski,S,MIA,0,ROOKIE,2026 rookie mock class,false,Texas Tech,2026,227,7,11,Miami Dolphins,MIA,MIA,,False,Draft Countdown 2026 NFL Mock Draft 7.0 (Brian),https://www.draftcountdown.com/nfl-mock-draft/2026-nfl-mock-draft-7-0-rounds-4-7-brian/,false
mock-rookie-class-2026,2026-228-dj-campbell-iol,2026-228-dj-campbell-iol,DJ Campbell,DJ Campbell,IOL,NYJ,0,ROOKIE,2026 rookie mock class,false,Texas,2026,228,7,12,New York Jets,NYJ,NYJ (F. DAL),Dallas Cowboys,False,Draft Countdown 2026 NFL Mock Draft 7.0 (Brian),https://www.draftcountdown.com/nfl-mock-draft/2026-nfl-mock-draft-7-0-rounds-4-7-brian/,false
mock-rookie-class-2026,2026-229-kendrick-law-wr,2026-229-kendrick-law-wr,Kendrick Law,Kendrick Law,WR,TB,0,ROOKIE,2026 rookie mock class,false,Kentucky,2026,229,7,13,Tampa Bay Buccaneers,TB,TB,,False,Draft Countdown 2026 NFL Mock Draft 7.0 (Brian),https://www.draftcountdown.com/nfl-mock-draft/2026-nfl-mock-draft-7-0-rounds-4-7-brian/,true
mock-rookie-class-2026,2026-230-rahsul-faison-rb,2026-230-rahsul-faison-rb,Rahsul Faison,Rahsul Faison,RB,PIT,0,ROOKIE,2026 rookie mock class,false,South Carolina,2026,230,7,14,Pittsburgh Steelers,PIT,PIT (F. IND),Indianapolis Colts,False,Draft Countdown 2026 NFL Mock Draft 7.0 (Brian),https://www.draftcountdown.com/nfl-mock-draft/2026-nfl-mock-draft-7-0-rounds-4-7-brian/,true
mock-rookie-class-2026,2026-231-rj-maryland-te,2026-231-rj-maryland-te,RJ Maryland,RJ Maryland,TE,ATL,0,ROOKIE,2026 rookie mock class,false,SMU,2026,231,7,15,Atlanta Falcons,ATL,ATL,,False,Draft Countdown 2026 NFL Mock Draft 7.0 (Brian),https://www.draftcountdown.com/nfl-mock-draft/2026-nfl-mock-draft-7-0-rounds-4-7-brian/,true
mock-rookie-class-2026,2026-232-joe-royer-te,2026-232-joe-royer-te,Joe Royer,Joe Royer,TE,LAR,0,ROOKIE,2026 rookie mock class,false,Cincinnati,2026,232,7,16,Los Angeles Rams,LAR,LAR (F. BAL),Baltimore Ravens,False,Draft Countdown 2026 NFL Mock Draft 7.0 (Brian),https://www.draftcountdown.com/nfl-mock-draft/2026-nfl-mock-draft-7-0-rounds-4-7-brian/,true
mock-rookie-class-2026,2026-233-reggie-virgil-wr,2026-233-reggie-virgil-wr,Reggie Virgil,Reggie Virgil,WR,JAX,0,ROOKIE,2026 rookie mock class,false,Texas Tech,2026,233,7,17,Jacksonville Jaguars,JAX,JAX (F. DET),Detroit Lions,False,Draft Countdown 2026 NFL Mock Draft 7.0 (Brian),https://www.draftcountdown.com/nfl-mock-draft/2026-nfl-mock-draft-7-0-rounds-4-7-brian/,true
mock-rookie-class-2026,2026-234-taurean-york-lb,2026-234-taurean-york-lb,Taurean York,Taurean York,LB,MIN,0,ROOKIE,2026 rookie mock class,false,Texas A&M,2026,234,7,18,Minnesota Vikings,MIN,MIN,,False,Draft Countdown 2026 NFL Mock Draft 7.0 (Brian),https://www.draftcountdown.com/nfl-mock-draft/2026-nfl-mock-draft-7-0-rounds-4-7-brian/,false
mock-rookie-class-2026,2026-235-caulin-lacy-wr,2026-235-caulin-lacy-wr,Caulin Lacy,Caulin Lacy,WR,MIN,0,ROOKIE,2026 rookie mock class,false,Louisville,2026,235,7,19,Minnesota Vikings,MIN,MIN (F. CAR),Carolina Panthers,False,Draft Countdown 2026 NFL Mock Draft 7.0 (Brian),https://www.draftcountdown.com/nfl-mock-draft/2026-nfl-mock-draft-7-0-rounds-4-7-brian/,true
mock-rookie-class-2026,2026-236-harrison-wallace-iii-wr,2026-236-harrison-wallace-iii-wr,Harrison Wallace III,Harrison Wallace III,WR,GB,0,ROOKIE,2026 rookie mock class,false,Mississippi,2026,236,7,20,Green Bay Packers,GB,GB,,False,Draft Countdown 2026 NFL Mock Draft 7.0 (Brian),https://www.draftcountdown.com/nfl-mock-draft/2026-nfl-mock-draft-7-0-rounds-4-7-brian/,true
mock-rookie-class-2026,2026-237-jadon-canady-cb,2026-237-jadon-canady-cb,Jadon Canady,Jadon Canady,CB,PIT,0,ROOKIE,2026 rookie mock class,false,Oregon,2026,237,7,21,Pittsburgh Steelers,PIT,PIT,,False,Draft Countdown 2026 NFL Mock Draft 7.0 (Brian),https://www.draftcountdown.com/nfl-mock-draft/2026-nfl-mock-draft-7-0-rounds-4-7-brian/,false
mock-rookie-class-2026,2026-238-kendal-daniels-lb,2026-238-kendal-daniels-lb,Kendal Daniels,Kendal Daniels,LB,MIA,0,ROOKIE,2026 rookie mock class,false,Oklahoma,2026,238,7,22,Miami Dolphins,MIA,MIA (F. LAC),Los Angeles Chargers,False,Draft Countdown 2026 NFL Mock Draft 7.0 (Brian),https://www.draftcountdown.com/nfl-mock-draft/2026-nfl-mock-draft-7-0-rounds-4-7-brian/,false
mock-rookie-class-2026,2026-239-ethan-onianwa-ot,2026-239-ethan-onianwa-ot,Ethan Onianwa,Ethan Onianwa,OT,CHI,0,ROOKIE,2026 rookie mock class,false,Ohio State,2026,239,7,23,Chicago Bears,CHI,CHI (F. PHI),Philadelphia Eagles,False,Draft Countdown 2026 NFL Mock Draft 7.0 (Brian),https://www.draftcountdown.com/nfl-mock-draft/2026-nfl-mock-draft-7-0-rounds-4-7-brian/,false
mock-rookie-class-2026,2026-240-nate-boerkircher-te,2026-240-nate-boerkircher-te,Nate Boerkircher,Nate Boerkircher,TE,JAX,0,ROOKIE,2026 rookie mock class,false,Texas A&M,2026,240,7,24,Jacksonville Jaguars,JAX,JAX,,False,Draft Countdown 2026 NFL Mock Draft 7.0 (Brian),https://www.draftcountdown.com/nfl-mock-draft/2026-nfl-mock-draft-7-0-rounds-4-7-brian/,true
mock-rookie-class-2026,2026-241-armaj-reed-adams-iol,2026-241-armaj-reed-adams-iol,Ar'maj Reed-Adams,Ar'maj Reed-Adams,IOL,CHI,0,ROOKIE,2026 rookie mock class,false,Texas A&M,2026,241,7,25,Chicago Bears,CHI,CHI,,False,Draft Countdown 2026 NFL Mock Draft 7.0 (Brian),https://www.draftcountdown.com/nfl-mock-draft/2026-nfl-mock-draft-7-0-rounds-4-7-brian/,false
mock-rookie-class-2026,2026-242-dalton-johnson-s,2026-242-dalton-johnson-s,Dalton Johnson,Dalton Johnson,S,NYJ,0,ROOKIE,2026 rookie mock class,false,Arizona,2026,242,7,26,New York Jets,NYJ,NYJ (F. BUF),Buffalo Bills,False,Draft Countdown 2026 NFL Mock Draft 7.0 (Brian),https://www.draftcountdown.com/nfl-mock-draft/2026-nfl-mock-draft-7-0-rounds-4-7-brian/,false
mock-rookie-class-2026,2026-243-red-murdock-lb,2026-243-red-murdock-lb,Red Murdock,Red Murdock,LB,HOU,0,ROOKIE,2026 rookie mock class,false,Buffalo,2026,243,7,27,Houston Texans,HOU,HOU (F. SF),San Francisco 49ers,False,Draft Countdown 2026 NFL Mock Draft 7.0 (Brian),https://www.draftcountdown.com/nfl-mock-draft/2026-nfl-mock-draft-7-0-rounds-4-7-brian/,false
mock-rookie-class-2026,2026-244-skyler-gill-howard-dl,2026-244-skyler-gill-howard-dl,Skyler Gill-Howard,Skyler Gill-Howard,DL,MIN,0,ROOKIE,2026 rookie mock class,false,Texas Tech,2026,244,7,28,Minnesota Vikings,MIN,MIN (F. HOU),Houston Texans,False,Draft Countdown 2026 NFL Mock Draft 7.0 (Brian),https://www.draftcountdown.com/nfl-mock-draft/2026-nfl-mock-draft-7-0-rounds-4-7-brian/,false
mock-rookie-class-2026,2026-245-trey-moore-edge,2026-245-trey-moore-edge,Trey Moore,Trey Moore,EDGE,JAX,0,ROOKIE,2026 rookie mock class,false,Texas,2026,245,7,29,Jacksonville Jaguars,JAX,JAX (F. LAR),Los Angeles Rams,False,Draft Countdown 2026 NFL Mock Draft 7.0 (Brian),https://www.draftcountdown.com/nfl-mock-draft/2026-nfl-mock-draft-7-0-rounds-4-7-brian/,false
mock-rookie-class-2026,2026-246-jaydn-ott-rb,2026-246-jaydn-ott-rb,Jaydn Ott,Jaydn Ott,RB,DEN,0,ROOKIE,2026 rookie mock class,false,Oklahoma,2026,246,7,30,Denver Broncos,DEN,DEN,,False,Draft Countdown 2026 NFL Mock Draft 7.0 (Brian),https://www.draftcountdown.com/nfl-mock-draft/2026-nfl-mock-draft-7-0-rounds-4-7-brian/,true
mock-rookie-class-2026,2026-247-jordan-hudson-wr,2026-247-jordan-hudson-wr,Jordan Hudson,Jordan Hudson,WR,NE,0,ROOKIE,2026 rookie mock class,false,SMU,2026,247,7,31,New England Patriots,NE,NE,,False,Draft Countdown 2026 NFL Mock Draft 7.0 (Brian),https://www.draftcountdown.com/nfl-mock-draft/2026-nfl-mock-draft-7-0-rounds-4-7-brian/,true
mock-rookie-class-2026,2026-248-jimmy-rolder-lb,2026-248-jimmy-rolder-lb,Jimmy Rolder,Jimmy Rolder,LB,CLE,0,ROOKIE,2026 rookie mock class,false,Michigan,2026,248,7,32,Cleveland Browns,CLE,CLV (F. SEA),Seattle Seahawks,False,Draft Countdown 2026 NFL Mock Draft 7.0 (Brian),https://www.draftcountdown.com/nfl-mock-draft/2026-nfl-mock-draft-7-0-rounds-4-7-brian/,false
mock-rookie-class-2026,2026-249-luke-altmyer-qb,2026-249-luke-altmyer-qb,Luke Altmyer,Luke Altmyer,QB,IND,0,ROOKIE,2026 rookie mock class,false,Illinois,2026,249,7,33,Indianapolis Colts,IND,IND*,,True,Draft Countdown 2026 NFL Mock Draft 7.0 (Brian),https://www.draftcountdown.com/nfl-mock-draft/2026-nfl-mock-draft-7-0-rounds-4-7-brian/,true
mock-rookie-class-2026,2026-250-wesley-bissainthe-lb,2026-250-wesley-bissainthe-lb,Wesley Bissainthe,Wesley Bissainthe,LB,BAL,0,ROOKIE,2026 rookie mock class,false,Miami (FL),2026,250,7,34,Baltimore Ravens,BAL,BAL*,,True,Draft Countdown 2026 NFL Mock Draft 7.0 (Brian),https://www.draftcountdown.com/nfl-mock-draft/2026-nfl-mock-draft-7-0-rounds-4-7-brian/,false
mock-rookie-class-2026,2026-251-tj-hall-cb,2026-251-tj-hall-cb,TJ Hall,TJ Hall,CB,LAR,0,ROOKIE,2026 rookie mock class,false,Iowa,2026,251,7,35,Los Angeles Rams,LAR,LAR*,,True,Draft Countdown 2026 NFL Mock Draft 7.0 (Brian),https://www.draftcountdown.com/nfl-mock-draft/2026-nfl-mock-draft-7-0-rounds-4-7-brian/,false
mock-rookie-class-2026,2026-252-jackson-kuwatch-lb,2026-252-jackson-kuwatch-lb,Jackson Kuwatch,Jackson Kuwatch,LB,LAR,0,ROOKIE,2026 rookie mock class,false,Miami (OH),2026,252,7,36,Los Angeles Rams,LAR,LAR*,,True,Draft Countdown 2026 NFL Mock Draft 7.0 (Brian),https://www.draftcountdown.com/nfl-mock-draft/2026-nfl-mock-draft-7-0-rounds-4-7-brian/,false
mock-rookie-class-2026,2026-253-oscar-delp-te,2026-253-oscar-delp-te,Oscar Delp,Oscar Delp,TE,BAL,0,ROOKIE,2026 rookie mock class,false,Georgia,2026,253,7,37,Baltimore Ravens,BAL,BAL*,,True,Draft Countdown 2026 NFL Mock Draft 7.0 (Brian),https://www.draftcountdown.com/nfl-mock-draft/2026-nfl-mock-draft-7-0-rounds-4-7-brian/,true
mock-rookie-class-2026,2026-254-travis-burke-ot,2026-254-travis-burke-ot,Travis Burke,Travis Burke,OT,IND,0,ROOKIE,2026 rookie mock class,false,Memphis,2026,254,7,38,Indianapolis Colts,IND,IND*,,True,Draft Countdown 2026 NFL Mock Draft 7.0 (Brian),https://www.draftcountdown.com/nfl-mock-draft/2026-nfl-mock-draft-7-0-rounds-4-7-brian/,false
mock-rookie-class-2026,2026-255-diego-pavia-qb,2026-255-diego-pavia-qb,Diego Pavia,Diego Pavia,QB,GB,0,ROOKIE,2026 rookie mock class,false,Vanderbilt,2026,255,7,39,Green Bay Packers,GB,GB*,,True,Draft Countdown 2026 NFL Mock Draft 7.0 (Brian),https://www.draftcountdown.com/nfl-mock-draft/2026-nfl-mock-draft-7-0-rounds-4-7-brian/,true
mock-rookie-class-2026,2026-256-sawyer-robertson-qb,2026-256-sawyer-robertson-qb,Sawyer Robertson,Sawyer Robertson,QB,DEN,0,ROOKIE,2026 rookie mock class,false,Baylor,2026,256,7,40,Denver Broncos,DEN,DEN*,,True,Draft Countdown 2026 NFL Mock Draft 7.0 (Brian),https://www.draftcountdown.com/nfl-mock-draft/2026-nfl-mock-draft-7-0-rounds-4-7-brian/,true
mock-rookie-class-2026,2026-257-tyren-montgomery-wr,2026-257-tyren-montgomery-wr,Tyren Montgomery,Tyren Montgomery,WR,DEN,0,ROOKIE,2026 rookie mock class,false,John Carroll,2026,257,7,41,Denver Broncos,DEN,DEN*,,True,Draft Countdown 2026 NFL Mock Draft 7.0 (Brian),https://www.draftcountdown.com/nfl-mock-draft/2026-nfl-mock-draft-7-0-rounds-4-7-brian/,true
